timer_name,rank,measurement_id,duration_seconds
mainTimer,0,0,8.379626635
dumpData,0,0,0.007447524
dumpData,0,1,0.006265567
dumpData,0,2,0.006213857
dumpData,0,3,0.006244828
dumpData,0,4,0.006343758
dumpData,0,5,0.006176185
dumpData,0,6,0.005932123
dumpData,0,7,0.006188749
dumpData,0,8,0.005956902
dumpData,0,9,0.005854102
kick,0,0,0.001082534
kick,0,1,0.00107547
kick,0,2,0.001081492
kick,0,3,0.00109067
kick,0,4,0.001080459
kick,0,5,0.001086942
kick,0,6,0.001114896
kick,0,7,0.001089808
kick,0,8,0.001098915
kick,0,9,0.001070711
kick,0,10,0.001095609
kick,0,11,0.001077705
kick,0,12,0.001103064
kick,0,13,0.001088696
kick,0,14,0.001094557
kick,0,15,0.001077193
kick,0,16,0.001099096
kick,0,17,0.001081232
kick,0,18,0.001098104
kick,0,19,0.001073146
drift,0,0,0.00105962
drift,0,1,0.001055722
drift,0,2,0.001082974
drift,0,3,0.0010754
drift,0,4,0.00108055
drift,0,5,0.001084187
drift,0,6,0.001084388
drift,0,7,0.001098224
drift,0,8,0.00108086
drift,0,9,0.001086671
particleBC,0,0,0.00309719
particleBC,0,1,0.003080508
particleBC,0,2,0.003115967
particleBC,0,3,0.003073114
particleBC,0,4,0.003078444
particleBC,0,5,0.003072472
particleBC,0,6,0.003096539
particleBC,0,7,0.003072833
particleBC,0,8,0.003085438
particleBC,0,9,0.003069286
updateParticle,0,0,0.009424276
updateParticle,0,1,0.009433846
updateParticle,0,2,0.009480185
updateParticle,0,3,0.010835686
updateParticle,0,4,0.009526975
updateParticle,0,5,0.009535282
updateParticle,0,6,0.010969515
updateParticle,0,7,0.009541594
updateParticle,0,8,0.009391343
updateParticle,0,9,0.009442282
locateParticles,0,0,0.002396334
locateParticles,0,1,0.002376145
locateParticles,0,2,0.002361146
locateParticles,0,3,0.002376125
locateParticles,0,4,0.002377488
locateParticles,0,5,0.002607833
locateParticles,0,6,0.002395623
locateParticles,0,7,0.002364222
locateParticles,0,8,0.002376978
locateParticles,0,9,0.002348492
sendPreprocess,0,0,0.000424952
sendPreprocess,0,1,0.000472434
sendPreprocess,0,2,0.00045003
sendPreprocess,0,3,0.000412397
sendPreprocess,0,4,0.000433889
sendPreprocess,0,5,0.000244513
sendPreprocess,0,6,0.000434891
sendPreprocess,0,7,0.000455371
sendPreprocess,0,8,0.000462725
sendPreprocess,0,9,0.000485479
particleSend,0,0,0.000625911
particleSend,0,1,0.000623065
particleSend,0,2,0.000626642
particleSend,0,3,0.000628124
particleSend,0,4,0.000627835
particleSend,0,5,0.000627934
particleSend,0,6,0.000623947
particleSend,0,7,0.000625279
particleSend,0,8,0.000627233
particleSend,0,9,0.0006257
particleRecv,0,0,1.1402e-05
particleRecv,0,1,1.1553e-05
particleRecv,0,2,1.2715e-05
particleRecv,0,3,1.2323e-05
particleRecv,0,4,1.2534e-05
particleRecv,0,5,1.2313e-05
particleRecv,0,6,1.2705e-05
particleRecv,0,7,1.1723e-05
particleRecv,0,8,1.1502e-05
particleRecv,0,9,1.3145e-05
particleDestroy,0,0,0.004593675
particleDestroy,0,1,0.004613042
particleDestroy,0,2,0.004595929
particleDestroy,0,3,0.004600547
particleDestroy,0,4,0.004581762
particleDestroy,0,5,0.004594155
particleDestroy,0,6,0.004576782
particleDestroy,0,7,0.004595298
particleDestroy,0,8,0.00458657
particleDestroy,0,9,0.004579877
ScatterPIFNUFFT,0,0,0.129017683
ScatterPIFNUFFT,0,1,0.001258644
ScatterPIFNUFFT,0,2,0.129561444
ScatterPIFNUFFT,0,3,0.001254676
ScatterPIFNUFFT,0,4,0.131917622
ScatterPIFNUFFT,0,5,0.001259245
ScatterPIFNUFFT,0,6,0.129466932
ScatterPIFNUFFT,0,7,0.001264766
ScatterPIFNUFFT,0,8,0.130261839
ScatterPIFNUFFT,0,9,0.001261941
ScatterPIFNUFFT,0,10,0.130547882
ScatterPIFNUFFT,0,11,0.001264936
ScatterPIFNUFFT,0,12,0.129399492
ScatterPIFNUFFT,0,13,0.00126689
ScatterPIFNUFFT,0,14,0.129499244
ScatterPIFNUFFT,0,15,0.001253955
ScatterPIFNUFFT,0,16,0.129282655
ScatterPIFNUFFT,0,17,0.001267732
ScatterPIFNUFFT,0,18,0.130325624
ScatterPIFNUFFT,0,19,0.00125658
NativeNUFFT1,0,0,0.127179979
NativeNUFFT1,0,1,0.127720664
NativeNUFFT1,0,2,0.130063786
NativeNUFFT1,0,3,0.127638115
NativeNUFFT1,0,4,0.128425096
NativeNUFFT1,0,5,0.12870099
NativeNUFFT1,0,6,0.127549294
NativeNUFFT1,0,7,0.127670848
NativeNUFFT1,0,8,0.127444901
NativeNUFFT1,0,9,0.128491096
scatterTimerNUFFT1,0,0,0.077835445
scatterTimerNUFFT1,0,1,0.078450194
scatterTimerNUFFT1,0,2,0.079807099
scatterTimerNUFFT1,0,3,0.078392383
scatterTimerNUFFT1,0,4,0.078672074
scatterTimerNUFFT1,0,5,0.078529818
scatterTimerNUFFT1,0,6,0.078329251
scatterTimerNUFFT1,0,7,0.078307308
scatterTimerNUFFT1,0,8,0.078253103
scatterTimerNUFFT1,0,9,0.078931335
binSort,0,0,0.00724886
binSort,0,1,0.00760607
binSort,0,2,0.007731553
binSort,0,3,0.007223451
binSort,0,4,0.007417967
binSort,0,5,0.007421814
binSort,0,6,0.007232428
binSort,0,7,0.007565241
binSort,0,8,0.007565111
binSort,0,9,0.007642331
binComputeKeys,0,0,0.000534724
binComputeKeys,0,1,0.000533803
binComputeKeys,0,2,0.000525095
binComputeKeys,0,3,0.000533702
binComputeKeys,0,4,0.000533592
binComputeKeys,0,5,0.00053287
binComputeKeys,0,6,0.000532139
binComputeKeys,0,7,0.000528482
binComputeKeys,0,8,0.000530255
binComputeKeys,0,9,0.000530746
binSortByKey,0,0,0.006537714
binSortByKey,0,1,0.006892561
binSortByKey,0,2,0.007030056
binSortByKey,0,3,0.006513087
binSortByKey,0,4,0.006706851
binSortByKey,0,5,0.006713384
binSortByKey,0,6,0.006523918
binSortByKey,0,7,0.006858534
binSortByKey,0,8,0.006857963
binSortByKey,0,9,0.00693387
binComputeOffsets,0,0,0.000173696
binComputeOffsets,0,1,0.000176902
binComputeOffsets,0,2,0.000173396
binComputeOffsets,0,3,0.000173876
binComputeOffsets,0,4,0.000174347
binComputeOffsets,0,5,0.000172493
binComputeOffsets,0,6,0.000173636
binComputeOffsets,0,7,0.000175419
binComputeOffsets,0,8,0.000173315
binComputeOffsets,0,9,0.000175038
FFTNUFFT1,0,0,0.048969529
FFTNUFFT1,0,1,0.048894784
FFTNUFFT1,0,2,0.049887724
FFTNUFFT1,0,3,0.048873112
FFTNUFFT1,0,4,0.049378609
FFTNUFFT1,0,5,0.049798532
FFTNUFFT1,0,6,0.04884673
FFTNUFFT1,0,7,0.048984828
FFTNUFFT1,0,8,0.048819228
FFTNUFFT1,0,9,0.049187981
deconvolutionNUFFT1,0,0,0.00037189
deconvolutionNUFFT1,0,1,0.00037243
deconvolutionNUFFT1,0,2,0.000365727
deconvolutionNUFFT1,0,3,0.000369484
deconvolutionNUFFT1,0,4,0.000371048
deconvolutionNUFFT1,0,5,0.000369554
deconvolutionNUFFT1,0,6,0.000370166
deconvolutionNUFFT1,0,7,0.000375477
deconvolutionNUFFT1,0,8,0.000369084
deconvolutionNUFFT1,0,9,0.000368683
GatherPIFNUFFT,0,0,0.682872774
GatherPIFNUFFT,0,1,0.683376727
GatherPIFNUFFT,0,2,0.682195484
GatherPIFNUFFT,0,3,0.68311937
GatherPIFNUFFT,0,4,0.683691006
GatherPIFNUFFT,0,5,0.682198599
GatherPIFNUFFT,0,6,0.683907534
GatherPIFNUFFT,0,7,0.682357638
GatherPIFNUFFT,0,8,0.681804998
GatherPIFNUFFT,0,9,0.683937814
NativeNUFFT2,0,0,0.224792234
NativeNUFFT2,0,1,0.224049146
NativeNUFFT2,0,2,0.223808441
NativeNUFFT2,0,3,0.225301238
NativeNUFFT2,0,4,0.223994951
NativeNUFFT2,0,5,0.223743516
NativeNUFFT2,0,6,0.224835448
NativeNUFFT2,0,7,0.223800917
NativeNUFFT2,0,8,0.223354183
NativeNUFFT2,0,9,0.224698532
NativeNUFFT2,0,10,0.224047353
NativeNUFFT2,0,11,0.224150562
NativeNUFFT2,0,12,0.224967563
NativeNUFFT2,0,13,0.22449535
NativeNUFFT2,0,14,0.224044298
NativeNUFFT2,0,15,0.224980749
NativeNUFFT2,0,16,0.223600449
NativeNUFFT2,0,17,0.223351517
NativeNUFFT2,0,18,0.22494528
NativeNUFFT2,0,19,0.224427348
NativeNUFFT2,0,20,0.224298489
NativeNUFFT2,0,21,0.224552941
NativeNUFFT2,0,22,0.223434298
NativeNUFFT2,0,23,0.224125515
NativeNUFFT2,0,24,0.224944228
NativeNUFFT2,0,25,0.223074781
NativeNUFFT2,0,26,0.223545392
NativeNUFFT2,0,27,0.225227326
NativeNUFFT2,0,28,0.22438672
NativeNUFFT2,0,29,0.224049808
PrecorrectionNUFFT2,0,0,0.000629818
PrecorrectionNUFFT2,0,1,0.000601222
PrecorrectionNUFFT2,0,2,0.000605601
PrecorrectionNUFFT2,0,3,0.000628124
PrecorrectionNUFFT2,0,4,0.000611312
PrecorrectionNUFFT2,0,5,0.00059989
PrecorrectionNUFFT2,0,6,0.000638765
PrecorrectionNUFFT2,0,7,0.000603608
PrecorrectionNUFFT2,0,8,0.000605241
PrecorrectionNUFFT2,0,9,0.000631532
PrecorrectionNUFFT2,0,10,0.000609539
PrecorrectionNUFFT2,0,11,0.000598297
PrecorrectionNUFFT2,0,12,0.000632553
PrecorrectionNUFFT2,0,13,0.000609539
PrecorrectionNUFFT2,0,14,0.000608797
PrecorrectionNUFFT2,0,15,0.000629217
PrecorrectionNUFFT2,0,16,0.000620309
PrecorrectionNUFFT2,0,17,0.000606744
PrecorrectionNUFFT2,0,18,0.000635679
PrecorrectionNUFFT2,0,19,0.000606624
PrecorrectionNUFFT2,0,20,0.000614018
PrecorrectionNUFFT2,0,21,0.000636972
PrecorrectionNUFFT2,0,22,0.000598327
PrecorrectionNUFFT2,0,23,0.00059977
PrecorrectionNUFFT2,0,24,0.000632363
PrecorrectionNUFFT2,0,25,0.000602075
PrecorrectionNUFFT2,0,26,0.000603647
PrecorrectionNUFFT2,0,27,0.000628766
PrecorrectionNUFFT2,0,28,0.000605872
PrecorrectionNUFFT2,0,29,0.000603938
FFTNUFFT2,0,0,0.048852793
FFTNUFFT2,0,1,0.048394666
FFTNUFFT2,0,2,0.048154342
FFTNUFFT2,0,3,0.049196236
FFTNUFFT2,0,4,0.048432298
FFTNUFFT2,0,5,0.048194188
FFTNUFFT2,0,6,0.048807515
FFTNUFFT2,0,7,0.047787953
FFTNUFFT2,0,8,0.047699152
FFTNUFFT2,0,9,0.048648317
FFTNUFFT2,0,10,0.048532182
FFTNUFFT2,0,11,0.048400447
FFTNUFFT2,0,12,0.048724685
FFTNUFFT2,0,13,0.048625282
FFTNUFFT2,0,14,0.04821552
FFTNUFFT2,0,15,0.048792255
FFTNUFFT2,0,16,0.047932894
FFTNUFFT2,0,17,0.047712979
FFTNUFFT2,0,18,0.049085051
FFTNUFFT2,0,19,0.048809679
FFTNUFFT2,0,20,0.048544677
FFTNUFFT2,0,21,0.048432089
FFTNUFFT2,0,22,0.047836106
FFTNUFFT2,0,23,0.048196423
FFTNUFFT2,0,24,0.048594884
FFTNUFFT2,0,25,0.047482432
FFTNUFFT2,0,26,0.047893557
FFTNUFFT2,0,27,0.049334885
FFTNUFFT2,0,28,0.048437098
FFTNUFFT2,0,29,0.048275907
GatherNUFFT2,0,0,0.175303842
GatherNUFFT2,0,1,0.175047236
GatherNUFFT2,0,2,0.175042106
GatherNUFFT2,0,3,0.175471016
GatherNUFFT2,0,4,0.174944937
GatherNUFFT2,0,5,0.174943846
GatherNUFFT2,0,6,0.175383006
GatherNUFFT2,0,7,0.175403234
GatherNUFFT2,0,8,0.175043759
GatherNUFFT2,0,9,0.175412993
GatherNUFFT2,0,10,0.174900131
GatherNUFFT2,0,11,0.175145515
GatherNUFFT2,0,12,0.175603451
GatherNUFFT2,0,13,0.175254387
GatherNUFFT2,0,14,0.175213618
GatherNUFFT2,0,15,0.175553304
GatherNUFFT2,0,16,0.175040763
GatherNUFFT2,0,17,0.175025754
GatherNUFFT2,0,18,0.175218957
GatherNUFFT2,0,19,0.175005215
GatherNUFFT2,0,20,0.175133813
GatherNUFFT2,0,21,0.175474863
GatherNUFFT2,0,22,0.174994254
GatherNUFFT2,0,23,0.175323501
GatherNUFFT2,0,24,0.175710899
GatherNUFFT2,0,25,0.174984183
GatherNUFFT2,0,26,0.175041925
GatherNUFFT2,0,27,0.175258064
GatherNUFFT2,0,28,0.175338139
GatherNUFFT2,0,29,0.175164052
mainTimer,1,0,8.37962922
dumpData,1,0,0.006370941
dumpData,1,1,0.004949322
dumpData,1,2,0.005075756
dumpData,1,3,0.005038474
dumpData,1,4,0.005174748
dumpData,1,5,0.004815363
dumpData,1,6,0.004868205
dumpData,1,7,0.005177934
dumpData,1,8,0.004926208
dumpData,1,9,0.004779614
kick,1,0,0.001103664
kick,1,1,0.001089607
kick,1,2,0.001105298
kick,1,3,0.00109111
kick,1,4,0.001100408
kick,1,5,0.001102032
kick,1,6,0.001098385
kick,1,7,0.001074758
kick,1,8,0.001106931
kick,1,9,0.001100388
kick,1,10,0.001106561
kick,1,11,0.001086291
kick,1,12,0.001099346
kick,1,13,0.001077624
kick,1,14,0.00110104
kick,1,15,0.001080099
kick,1,16,0.001101159
kick,1,17,0.001098925
kick,1,18,0.001104245
kick,1,19,0.001098494
drift,1,0,0.001086892
drift,1,1,0.001069298
drift,1,2,0.001101841
drift,1,3,0.001086772
drift,1,4,0.001097353
drift,1,5,0.001089547
drift,1,6,0.0011011
drift,1,7,0.001107032
drift,1,8,0.001089959
drift,1,9,0.001098374
particleBC,1,0,0.00307098
particleBC,1,1,0.003068705
particleBC,1,2,0.00311236
particleBC,1,3,0.003123892
particleBC,1,4,0.003112089
particleBC,1,5,0.003307637
particleBC,1,6,0.00310201
particleBC,1,7,0.003119443
particleBC,1,8,0.00313833
particleBC,1,9,0.003115666
updateParticle,1,0,0.009633261
updateParticle,1,1,0.009633442
updateParticle,1,2,0.011038088
updateParticle,1,3,0.01021175
updateParticle,1,4,0.009525483
updateParticle,1,5,0.009348601
updateParticle,1,6,0.010300812
updateParticle,1,7,0.009548286
updateParticle,1,8,0.009499112
updateParticle,1,9,0.009566161
locateParticles,1,0,0.002427164
locateParticles,1,1,0.002390323
locateParticles,1,2,0.002412436
locateParticles,1,3,0.002391314
locateParticles,1,4,0.002402897
locateParticles,1,5,0.002424649
locateParticles,1,6,0.002413658
locateParticles,1,7,0.002441151
locateParticles,1,8,0.002410272
locateParticles,1,9,0.002402627
sendPreprocess,1,0,0.000378962
sendPreprocess,1,1,0.000437977
sendPreprocess,1,2,0.000367211
sendPreprocess,1,3,0.000353975
sendPreprocess,1,4,0.000354736
sendPreprocess,1,5,0.000179266
sendPreprocess,1,6,0.000399753
sendPreprocess,1,7,0.000321782
sendPreprocess,1,8,0.000368022
sendPreprocess,1,9,0.000368733
particleSend,1,0,0.000636921
particleSend,1,1,0.000642964
particleSend,1,2,0.000695144
particleSend,1,3,0.000637103
particleSend,1,4,0.000637734
particleSend,1,5,0.00063068
particleSend,1,6,0.000637593
particleSend,1,7,0.000643004
particleSend,1,8,0.000644175
particleSend,1,9,0.000645869
particleRecv,1,0,1.4408e-05
particleRecv,1,1,1.3516e-05
particleRecv,1,2,1.2824e-05
particleRecv,1,3,1.2965e-05
particleRecv,1,4,1.2484e-05
particleRecv,1,5,1.3105e-05
particleRecv,1,6,1.3245e-05
particleRecv,1,7,1.3607e-05
particleRecv,1,8,1.3155e-05
particleRecv,1,9,1.3446e-05
particleDestroy,1,0,0.004694089
particleDestroy,1,1,0.0046643
particleDestroy,1,2,0.004689119
particleDestroy,1,3,0.004666666
particleDestroy,1,4,0.004694991
particleDestroy,1,5,0.004701363
particleDestroy,1,6,0.004663949
particleDestroy,1,7,0.004705541
particleDestroy,1,8,0.00472618
particleDestroy,1,9,0.004706482
ScatterPIFNUFFT,1,0,0.128229178
ScatterPIFNUFFT,1,1,0.001259125
ScatterPIFNUFFT,1,2,0.128770164
ScatterPIFNUFFT,1,3,0.001257603
ScatterPIFNUFFT,1,4,0.129962931
ScatterPIFNUFFT,1,5,0.001263052
ScatterPIFNUFFT,1,6,0.129430101
ScatterPIFNUFFT,1,7,0.001257082
ScatterPIFNUFFT,1,8,0.13008103
ScatterPIFNUFFT,1,9,0.001259697
ScatterPIFNUFFT,1,10,0.129815866
ScatterPIFNUFFT,1,11,0.001268884
ScatterPIFNUFFT,1,12,0.129543942
ScatterPIFNUFFT,1,13,0.001263314
ScatterPIFNUFFT,1,14,0.128976874
ScatterPIFNUFFT,1,15,0.001264055
ScatterPIFNUFFT,1,16,0.128770224
ScatterPIFNUFFT,1,17,0.00126708
ScatterPIFNUFFT,1,18,0.129801029
ScatterPIFNUFFT,1,19,0.00126187
NativeNUFFT1,1,0,0.126382638
NativeNUFFT1,1,1,0.126816255
NativeNUFFT1,1,2,0.128097714
NativeNUFFT1,1,3,0.127575263
NativeNUFFT1,1,4,0.128229258
NativeNUFFT1,1,5,0.127968634
NativeNUFFT1,1,6,0.127691209
NativeNUFFT1,1,7,0.127121476
NativeNUFFT1,1,8,0.126930256
NativeNUFFT1,1,9,0.127952234
scatterTimerNUFFT1,1,0,0.077711786
scatterTimerNUFFT1,1,1,0.078171385
scatterTimerNUFFT1,1,2,0.077905461
scatterTimerNUFFT1,1,3,0.078738323
scatterTimerNUFFT1,1,4,0.078408404
scatterTimerNUFFT1,1,5,0.07846879
scatterTimerNUFFT1,1,6,0.078862864
scatterTimerNUFFT1,1,7,0.078197566
scatterTimerNUFFT1,1,8,0.078097543
scatterTimerNUFFT1,1,9,0.078648038
binSort,1,0,0.007188001
binSort,1,1,0.00727004
binSort,1,2,0.007185527
binSort,1,3,0.007183142
binSort,1,4,0.007357118
binSort,1,5,0.007354964
binSort,1,6,0.007342971
binSort,1,7,0.007472182
binSort,1,8,0.007425431
binSort,1,9,0.007458044
binComputeKeys,1,0,0.000530636
binComputeKeys,1,1,0.000535145
binComputeKeys,1,2,0.000528723
binComputeKeys,1,3,0.000535355
binComputeKeys,1,4,0.000530416
binComputeKeys,1,5,0.000531338
binComputeKeys,1,6,0.000531779
binComputeKeys,1,7,0.000525196
binComputeKeys,1,8,0.000528011
binComputeKeys,1,9,0.000535876
binSortByKey,1,0,0.006477487
binSortByKey,1,1,0.006558375
binSortByKey,1,2,0.006477838
binSortByKey,1,3,0.006471927
binSortByKey,1,4,0.006647205
binSortByKey,1,5,0.006644791
binSortByKey,1,6,0.006636686
binSortByKey,1,7,0.006769002
binSortByKey,1,8,0.006716921
binSortByKey,1,9,0.006741488
binComputeOffsets,1,0,0.000177183
binComputeOffsets,1,1,0.000173726
binComputeOffsets,1,2,0.00017587
binComputeOffsets,1,3,0.000173155
binComputeOffsets,1,4,0.000176211
binComputeOffsets,1,5,0.000176081
binComputeOffsets,1,6,0.000171682
binComputeOffsets,1,7,0.000174938
binComputeOffsets,1,8,0.000177353
binComputeOffsets,1,9,0.000177473
FFTNUFFT1,1,0,0.0483028
FFTNUFFT1,1,1,0.048269674
FFTNUFFT1,1,2,0.049816877
FFTNUFFT1,1,3,0.048462067
FFTNUFFT1,1,4,0.049452111
FFTNUFFT1,1,5,0.04912536
FFTNUFFT1,1,6,0.04845867
FFTNUFFT1,1,7,0.048556299
FFTNUFFT1,1,8,0.048454662
FFTNUFFT1,1,9,0.048931075
deconvolutionNUFFT1,1,0,0.000364445
deconvolutionNUFFT1,1,1,0.000371879
deconvolutionNUFFT1,1,2,0.000371889
deconvolutionNUFFT1,1,3,0.000371258
deconvolutionNUFFT1,1,4,0.000365026
deconvolutionNUFFT1,1,5,0.000371038
deconvolutionNUFFT1,1,6,0.000366139
deconvolutionNUFFT1,1,7,0.000364145
deconvolutionNUFFT1,1,8,0.000372972
deconvolutionNUFFT1,1,9,0.000369464
GatherPIFNUFFT,1,0,0.684483559
GatherPIFNUFFT,1,1,0.685244771
GatherPIFNUFFT,1,2,0.68366683
GatherPIFNUFFT,1,3,0.684947395
GatherPIFNUFFT,1,4,0.684956023
GatherPIFNUFFT,1,5,0.684198307
GatherPIFNUFFT,1,6,0.685477521
GatherPIFNUFFT,1,7,0.683802703
GatherPIFNUFFT,1,8,0.683153927
GatherPIFNUFFT,1,9,0.685294497
NativeNUFFT2,1,0,0.226286303
NativeNUFFT2,1,1,0.224109292
NativeNUFFT2,1,2,0.223827398
NativeNUFFT2,1,3,0.227153321
NativeNUFFT2,1,4,0.224040569
NativeNUFFT2,1,5,0.223826846
NativeNUFFT2,1,6,0.226164959
NativeNUFFT2,1,7,0.223711654
NativeNUFFT2,1,8,0.223425681
NativeNUFFT2,1,9,0.226350828
NativeNUFFT2,1,10,0.224210639
NativeNUFFT2,1,11,0.224059226
NativeNUFFT2,1,12,0.226699523
NativeNUFFT2,1,13,0.223701595
NativeNUFFT2,1,14,0.224221691
NativeNUFFT2,1,15,0.227069178
NativeNUFFT2,1,16,0.223267806
NativeNUFFT2,1,17,0.223510124
NativeNUFFT2,1,18,0.226730392
NativeNUFFT2,1,19,0.224197694
NativeNUFFT2,1,20,0.224112589
NativeNUFFT2,1,21,0.226004679
NativeNUFFT2,1,22,0.223399059
NativeNUFFT2,1,23,0.223929396
NativeNUFFT2,1,24,0.226258299
NativeNUFFT2,1,25,0.223431902
NativeNUFFT2,1,26,0.22322908
NativeNUFFT2,1,27,0.22669333
NativeNUFFT2,1,28,0.224195791
NativeNUFFT2,1,29,0.224167065
PrecorrectionNUFFT2,1,0,0.000635339
PrecorrectionNUFFT2,1,1,0.000610571
PrecorrectionNUFFT2,1,2,0.000608356
PrecorrectionNUFFT2,1,3,0.000635219
PrecorrectionNUFFT2,1,4,0.000613436
PrecorrectionNUFFT2,1,5,0.000617114
PrecorrectionNUFFT2,1,6,0.000638134
PrecorrectionNUFFT2,1,7,0.00061535
PrecorrectionNUFFT2,1,8,0.000615741
PrecorrectionNUFFT2,1,9,0.000651941
PrecorrectionNUFFT2,1,10,0.000617274
PrecorrectionNUFFT2,1,11,0.0006204
PrecorrectionNUFFT2,1,12,0.000647473
PrecorrectionNUFFT2,1,13,0.000613296
PrecorrectionNUFFT2,1,14,0.000612394
PrecorrectionNUFFT2,1,15,0.000639988
PrecorrectionNUFFT2,1,16,0.000621332
PrecorrectionNUFFT2,1,17,0.000616152
PrecorrectionNUFFT2,1,18,0.000644296
PrecorrectionNUFFT2,1,19,0.000625459
PrecorrectionNUFFT2,1,20,0.000621913
PrecorrectionNUFFT2,1,21,0.000643896
PrecorrectionNUFFT2,1,22,0.000621342
PrecorrectionNUFFT2,1,23,0.000620711
PrecorrectionNUFFT2,1,24,0.00063585
PrecorrectionNUFFT2,1,25,0.000607705
PrecorrectionNUFFT2,1,26,0.000612805
PrecorrectionNUFFT2,1,27,0.00063576
PrecorrectionNUFFT2,1,28,0.000614138
PrecorrectionNUFFT2,1,29,0.000607706
FFTNUFFT2,1,0,0.048886788
FFTNUFFT2,1,1,0.046786977
FFTNUFFT2,1,2,0.046676934
FFTNUFFT2,1,3,0.049446421
FFTNUFFT2,1,4,0.046496175
FFTNUFFT2,1,5,0.046470875
FFTNUFFT2,1,6,0.048754243
FFTNUFFT2,1,7,0.046555119
FFTNUFFT2,1,8,0.046382645
FFTNUFFT2,1,9,0.048900254
FFTNUFFT2,1,10,0.046913752
FFTNUFFT2,1,11,0.046664069
FFTNUFFT2,1,12,0.048913179
FFTNUFFT2,1,13,0.046453481
FFTNUFFT2,1,14,0.046986894
FFTNUFFT2,1,15,0.049152492
FFTNUFFT2,1,16,0.046018622
FFTNUFFT2,1,17,0.046151388
FFTNUFFT2,1,18,0.049113667
FFTNUFFT2,1,19,0.046802467
FFTNUFFT2,1,20,0.046780875
FFTNUFFT2,1,21,0.048283311
FFTNUFFT2,1,22,0.046156538
FFTNUFFT2,1,23,0.046706111
FFTNUFFT2,1,24,0.048516431
FFTNUFFT2,1,25,0.046226121
FFTNUFFT2,1,26,0.04612673
FFTNUFFT2,1,27,0.049129026
FFTNUFFT2,1,28,0.046808969
FFTNUFFT2,1,29,0.046823148
GatherNUFFT2,1,0,0.176757644
GatherNUFFT2,1,1,0.176705573
GatherNUFFT2,1,2,0.176535615
GatherNUFFT2,1,3,0.177065099
GatherNUFFT2,1,4,0.176924607
GatherNUFFT2,1,5,0.176732445
GatherNUFFT2,1,6,0.176766351
GatherNUFFT2,1,7,0.176535063
GatherNUFFT2,1,8,0.176420783
GatherNUFFT2,1,9,0.176792291
GatherNUFFT2,1,10,0.17667325
GatherNUFFT2,1,11,0.176768234
GatherNUFFT2,1,12,0.177132509
GatherNUFFT2,1,13,0.176628665
GatherNUFFT2,1,14,0.176615981
GatherNUFFT2,1,15,0.177270436
GatherNUFFT2,1,16,0.176620178
GatherNUFFT2,1,17,0.176736342
GatherNUFFT2,1,18,0.176966247
GatherNUFFT2,1,19,0.176763335
GatherNUFFT2,1,20,0.176703739
GatherNUFFT2,1,21,0.177070449
GatherNUFFT2,1,22,0.176615319
GatherNUFFT2,1,23,0.176596041
GatherNUFFT2,1,24,0.177099765
GatherNUFFT2,1,25,0.176591633
GatherNUFFT2,1,26,0.176483324
GatherNUFFT2,1,27,0.176922523
GatherNUFFT2,1,28,0.176766651
GatherNUFFT2,1,29,0.176729209
mainTimer,2,0,8.379627146
dumpData,2,0,0.007760358
dumpData,2,1,0.006156046
dumpData,2,2,0.006406009
dumpData,2,3,0.006113323
dumpData,2,4,0.006470694
dumpData,2,5,0.006317187
dumpData,2,6,0.006355812
dumpData,2,7,0.006498217
dumpData,2,8,0.006155436
dumpData,2,9,0.006016176
kick,2,0,0.001088325
kick,2,1,0.001088365
kick,2,2,0.001074818
kick,2,3,0.001089427
kick,2,4,0.001087413
kick,2,5,0.001075911
kick,2,6,0.001105899
kick,2,7,0.001076953
kick,2,8,0.001087433
kick,2,9,0.001079628
kick,2,10,0.001077785
kick,2,11,0.001073617
kick,2,12,0.001086461
kick,2,13,0.001077775
kick,2,14,0.001099837
kick,2,15,0.001076152
kick,2,16,0.001092373
kick,2,17,0.001081591
kick,2,18,0.001088265
kick,2,19,0.001085108
drift,2,0,0.001037857
drift,2,1,0.001045953
drift,2,2,0.001068336
drift,2,3,0.001063577
drift,2,4,0.001073547
drift,2,5,0.001046504
drift,2,6,0.001078416
drift,2,7,0.001063938
drift,2,8,0.00105448
drift,2,9,0.001073647
particleBC,2,0,0.003075759
particleBC,2,1,0.003080347
particleBC,2,2,0.00312276
particleBC,2,3,0.003074206
particleBC,2,4,0.003092921
particleBC,2,5,0.003077893
particleBC,2,6,0.003068494
particleBC,2,7,0.003094535
particleBC,2,8,0.003091169
particleBC,2,9,0.003093082
updateParticle,2,0,0.009517446
updateParticle,2,1,0.00959653
updateParticle,2,2,0.011072414
updateParticle,2,3,0.010960218
updateParticle,2,4,0.009774274
updateParticle,2,5,0.009569047
updateParticle,2,6,0.011129274
updateParticle,2,7,0.009537827
updateParticle,2,8,0.009521364
updateParticle,2,9,0.009589165
locateParticles,2,0,0.00261643
locateParticles,2,1,0.002603736
locateParticles,2,2,0.002602904
locateParticles,2,3,0.002618484
locateParticles,2,4,0.002623674
locateParticles,2,5,0.002610628
locateParticles,2,6,0.002634315
locateParticles,2,7,0.002636659
locateParticles,2,8,0.002829493
locateParticles,2,9,0.00265202
sendPreprocess,2,0,0.000248381
sendPreprocess,2,1,0.000264262
sendPreprocess,2,2,0.000212912
sendPreprocess,2,3,0.000192983
sendPreprocess,2,4,0.000197041
sendPreprocess,2,5,0.000296513
sendPreprocess,2,6,0.00024808
sendPreprocess,2,7,0.000194196
sendPreprocess,2,8,4.156e-05
sendPreprocess,2,9,0.000183254
particleSend,2,0,0.000618546
particleSend,2,1,0.000626792
particleSend,2,2,0.000627534
particleSend,2,3,0.000622544
particleSend,2,4,0.00084317
particleSend,2,5,0.000627152
particleSend,2,6,0.000685797
particleSend,2,7,0.000626842
particleSend,2,8,0.000616933
particleSend,2,9,0.000699052
particleRecv,2,0,1.1241e-05
particleRecv,2,1,1.0921e-05
particleRecv,2,2,1.0982e-05
particleRecv,2,3,1.3636e-05
particleRecv,2,4,1.1663e-05
particleRecv,2,5,1.1182e-05
particleRecv,2,6,1.1983e-05
particleRecv,2,7,1.1432e-05
particleRecv,2,8,1.1122e-05
particleRecv,2,9,1.2434e-05
particleDestroy,2,0,0.005059525
particleDestroy,2,1,0.005097558
particleDestroy,2,2,0.00509283
particleDestroy,2,3,0.005086096
particleDestroy,2,4,0.00504107
particleDestroy,2,5,0.005086518
particleDestroy,2,6,0.005073963
particleDestroy,2,7,0.005095916
particleDestroy,2,8,0.005049957
particleDestroy,2,9,0.005050337
ScatterPIFNUFFT,2,0,0.129094953
ScatterPIFNUFFT,2,1,0.001259465
ScatterPIFNUFFT,2,2,0.129406065
ScatterPIFNUFFT,2,3,0.001258945
ScatterPIFNUFFT,2,4,0.13035034
ScatterPIFNUFFT,2,5,0.001256851
ScatterPIFNUFFT,2,6,0.129356198
ScatterPIFNUFFT,2,7,0.001258223
ScatterPIFNUFFT,2,8,0.130027205
ScatterPIFNUFFT,2,9,0.001255078
ScatterPIFNUFFT,2,10,0.130499418
ScatterPIFNUFFT,2,11,0.001261269
ScatterPIFNUFFT,2,12,0.129309708
ScatterPIFNUFFT,2,13,0.001260739
ScatterPIFNUFFT,2,14,0.129519684
ScatterPIFNUFFT,2,15,0.001258845
ScatterPIFNUFFT,2,16,0.129180327
ScatterPIFNUFFT,2,17,0.001257813
ScatterPIFNUFFT,2,18,0.130248535
ScatterPIFNUFFT,2,19,0.001259075
NativeNUFFT1,2,0,0.127271687
NativeNUFFT1,2,1,0.12738203
NativeNUFFT1,2,2,0.1285046
NativeNUFFT1,2,3,0.12752137
NativeNUFFT1,2,4,0.128177818
NativeNUFFT1,2,5,0.128646244
NativeNUFFT1,2,6,0.127455703
NativeNUFFT1,2,7,0.127690055
NativeNUFFT1,2,8,0.127357061
NativeNUFFT1,2,9,0.128411662
scatterTimerNUFFT1,2,0,0.078041765
scatterTimerNUFFT1,2,1,0.078181114
scatterTimerNUFFT1,2,2,0.078451147
scatterTimerNUFFT1,2,3,0.078539218
scatterTimerNUFFT1,2,4,0.078905034
scatterTimerNUFFT1,2,5,0.078926125
scatterTimerNUFFT1,2,6,0.078708896
scatterTimerNUFFT1,2,7,0.078397693
scatterTimerNUFFT1,2,8,0.078306497
scatterTimerNUFFT1,2,9,0.079085544
binSort,2,0,0.007244571
binSort,2,1,0.007274058
binSort,2,2,0.007217018
binSort,2,3,0.007197931
binSort,2,4,0.007185206
binSort,2,5,0.007434158
binSort,2,6,0.007214293
binSort,2,7,0.007571693
binSort,2,8,0.00750285
binSort,2,9,0.00750797
binComputeKeys,2,0,0.000536698
binComputeKeys,2,1,0.000535325
binComputeKeys,2,2,0.000538792
binComputeKeys,2,3,0.000541488
binComputeKeys,2,4,0.000535064
binComputeKeys,2,5,0.000542048
binComputeKeys,2,6,0.000540465
binComputeKeys,2,7,0.000538732
binComputeKeys,2,8,0.000539534
binComputeKeys,2,9,0.000541467
binSortByKey,2,0,0.00653079
binSortByKey,2,1,0.006558704
binSortByKey,2,2,0.006500232
binSortByKey,2,3,0.006479061
binSortByKey,2,4,0.006473129
binSortByKey,2,5,0.006717711
binSortByKey,2,6,0.006496805
binSortByKey,2,7,0.006855338
binSortByKey,2,8,0.006785774
binSortByKey,2,9,0.00678918
binComputeOffsets,2,0,0.000174368
binComputeOffsets,2,1,0.000177223
binComputeOffsets,2,2,0.000175229
binComputeOffsets,2,3,0.000174447
binComputeOffsets,2,4,0.000173996
binComputeOffsets,2,5,0.000171612
binComputeOffsets,2,6,0.000174297
binComputeOffsets,2,7,0.000174738
binComputeOffsets,2,8,0.000174317
binComputeOffsets,2,9,0.000174417
FFTNUFFT1,2,0,0.04885129
FFTNUFFT1,2,1,0.048827954
FFTNUFFT1,2,2,0.04967878
FFTNUFFT1,2,3,0.048602278
FFTNUFFT1,2,4,0.048899863
FFTNUFFT1,2,5,0.049348521
FFTNUFFT1,2,6,0.048369828
FFTNUFFT1,2,7,0.048918199
FFTNUFFT1,2,8,0.048680389
FFTNUFFT1,2,9,0.048950722
deconvolutionNUFFT1,2,0,0.000375536
deconvolutionNUFFT1,2,1,0.000369905
deconvolutionNUFFT1,2,2,0.000371418
deconvolutionNUFFT1,2,3,0.000376658
deconvolutionNUFFT1,2,4,0.000369575
deconvolutionNUFFT1,2,5,0.000368363
deconvolutionNUFFT1,2,6,0.000373683
deconvolutionNUFFT1,2,7,0.000371127
deconvolutionNUFFT1,2,8,0.000366478
deconvolutionNUFFT1,2,9,0.0003721
GatherPIFNUFFT,2,0,0.682400761
GatherPIFNUFFT,2,1,0.683489245
GatherPIFNUFFT,2,2,0.681995097
GatherPIFNUFFT,2,3,0.683271875
GatherPIFNUFFT,2,4,0.683557609
GatherPIFNUFFT,2,5,0.682121901
GatherPIFNUFFT,2,6,0.683463285
GatherPIFNUFFT,2,7,0.682023742
GatherPIFNUFFT,2,8,0.681615362
GatherPIFNUFFT,2,9,0.683681749
NativeNUFFT2,2,0,0.22459339
NativeNUFFT2,2,1,0.223805425
NativeNUFFT2,2,2,0.223760198
NativeNUFFT2,2,3,0.22515755
NativeNUFFT2,2,4,0.224129591
NativeNUFFT2,2,5,0.223922992
NativeNUFFT2,2,6,0.224638928
NativeNUFFT2,2,7,0.223555903
NativeNUFFT2,2,8,0.223599147
NativeNUFFT2,2,9,0.224801492
NativeNUFFT2,2,10,0.223789594
NativeNUFFT2,2,11,0.224398883
NativeNUFFT2,2,12,0.224858121
NativeNUFFT2,2,13,0.224448289
NativeNUFFT2,2,14,0.224022425
NativeNUFFT2,2,15,0.224486342
NativeNUFFT2,2,16,0.223981186
NativeNUFFT2,2,17,0.223467241
NativeNUFFT2,2,18,0.224979496
NativeNUFFT2,2,19,0.223863919
NativeNUFFT2,2,20,0.224307005
NativeNUFFT2,2,21,0.224034418
NativeNUFFT2,2,22,0.223972489
NativeNUFFT2,2,23,0.223750589
NativeNUFFT2,2,24,0.224724593
NativeNUFFT2,2,25,0.223067067
NativeNUFFT2,2,26,0.223512238
NativeNUFFT2,2,27,0.224999626
NativeNUFFT2,2,28,0.224276948
NativeNUFFT2,2,29,0.224053596
PrecorrectionNUFFT2,2,0,0.000632253
PrecorrectionNUFFT2,2,1,0.000617845
PrecorrectionNUFFT2,2,2,0.000616272
PrecorrectionNUFFT2,2,3,0.000634627
PrecorrectionNUFFT2,2,4,0.000614078
PrecorrectionNUFFT2,2,5,0.000616682
PrecorrectionNUFFT2,2,6,0.000631972
PrecorrectionNUFFT2,2,7,0.000621502
PrecorrectionNUFFT2,2,8,0.000614718
PrecorrectionNUFFT2,2,9,0.000636451
PrecorrectionNUFFT2,2,10,0.000618366
PrecorrectionNUFFT2,2,11,0.00062586
PrecorrectionNUFFT2,2,12,0.000631651
PrecorrectionNUFFT2,2,13,0.00061547
PrecorrectionNUFFT2,2,14,0.000622243
PrecorrectionNUFFT2,2,15,0.000629548
PrecorrectionNUFFT2,2,16,0.000614248
PrecorrectionNUFFT2,2,17,0.000616002
PrecorrectionNUFFT2,2,18,0.000641861
PrecorrectionNUFFT2,2,19,0.000625981
PrecorrectionNUFFT2,2,20,0.00062024
PrecorrectionNUFFT2,2,21,0.000643154
PrecorrectionNUFFT2,2,22,0.000619779
PrecorrectionNUFFT2,2,23,0.000621071
PrecorrectionNUFFT2,2,24,0.000636301
PrecorrectionNUFFT2,2,25,0.000606253
PrecorrectionNUFFT2,2,26,0.000609148
PrecorrectionNUFFT2,2,27,0.000647482
PrecorrectionNUFFT2,2,28,0.000624869
PrecorrectionNUFFT2,2,29,0.000617073
FFTNUFFT2,2,0,0.04867031
FFTNUFFT2,2,1,0.048351352
FFTNUFFT2,2,2,0.048401459
FFTNUFFT2,2,3,0.049201677
FFTNUFFT2,2,4,0.048523615
FFTNUFFT2,2,5,0.048116187
FFTNUFFT2,2,6,0.048826823
FFTNUFFT2,2,7,0.047965536
FFTNUFFT2,2,8,0.04812243
FFTNUFFT2,2,9,0.048735175
FFTNUFFT2,2,10,0.048380299
FFTNUFFT2,2,11,0.048548313
FFTNUFFT2,2,12,0.048719524
FFTNUFFT2,2,13,0.048728852
FFTNUFFT2,2,14,0.048305143
FFTNUFFT2,2,15,0.048839257
FFTNUFFT2,2,16,0.048651042
FFTNUFFT2,2,17,0.04783298
FFTNUFFT2,2,18,0.049140509
FFTNUFFT2,2,19,0.048600585
FFTNUFFT2,2,20,0.049023212
FFTNUFFT2,2,21,0.048399657
FFTNUFFT2,2,22,0.048371291
FFTNUFFT2,2,23,0.048141437
FFTNUFFT2,2,24,0.048684416
FFTNUFFT2,2,25,0.047690775
FFTNUFFT2,2,26,0.048161826
FFTNUFFT2,2,27,0.049174805
FFTNUFFT2,2,28,0.048522484
FFTNUFFT2,2,29,0.048503557
GatherNUFFT2,2,0,0.175284995
GatherNUFFT2,2,1,0.174830377
GatherNUFFT2,2,2,0.174735543
GatherNUFFT2,2,3,0.175315104
GatherNUFFT2,2,4,0.174985787
GatherNUFFT2,2,5,0.175184391
GatherNUFFT2,2,6,0.175174272
GatherNUFFT2,2,7,0.174963344
GatherNUFFT2,2,8,0.174856237
GatherNUFFT2,2,9,0.175423252
GatherNUFFT2,2,10,0.174785399
GatherNUFFT2,2,11,0.175218898
GatherNUFFT2,2,12,0.175500823
GatherNUFFT2,2,13,0.175097853
GatherNUFFT2,2,14,0.175089047
GatherNUFFT2,2,15,0.175011778
GatherNUFFT2,2,16,0.174708972
GatherNUFFT2,2,17,0.175012579
GatherNUFFT2,2,18,0.175191124
GatherNUFFT2,2,19,0.174631461
GatherNUFFT2,2,20,0.174657202
GatherNUFFT2,2,21,0.174985507
GatherNUFFT2,2,22,0.174975868
GatherNUFFT2,2,23,0.174982051
GatherNUFFT2,2,24,0.175397614
GatherNUFFT2,2,25,0.174763647
GatherNUFFT2,2,26,0.174734892
GatherNUFFT2,2,27,0.175171306
GatherNUFFT2,2,28,0.175123754
GatherNUFFT2,2,29,0.174927274
mainTimer,3,0,8.379628088
dumpData,3,0,0.007496118
dumpData,3,1,0.006257542
dumpData,3,2,0.006211403
dumpData,3,3,0.006256159
dumpData,3,4,0.006113884
dumpData,3,5,0.006095148
dumpData,3,6,0.005953534
dumpData,3,7,0.006059759
dumpData,3,8,0.006000395
dumpData,3,9,0.00578585
kick,3,0,0.001149123
kick,3,1,0.00113228
kick,3,2,0.001113273
kick,3,3,0.00113247
kick,3,4,0.001135857
kick,3,5,0.001120497
kick,3,6,0.001143011
kick,3,7,0.001142921
kick,3,8,0.001146838
kick,3,9,0.001131057
kick,3,10,0.001131198
kick,3,11,0.001124465
kick,3,12,0.001147279
kick,3,13,0.001129665
kick,3,14,0.001137139
kick,3,15,0.001125166
kick,3,16,0.001140607
kick,3,17,0.001136418
kick,3,18,0.001139885
kick,3,19,0.001153541
drift,3,0,0.00107512
drift,3,1,0.001073586
drift,3,2,0.00111178
drift,3,3,0.001108655
drift,3,4,0.001116489
drift,3,5,0.001121329
drift,3,6,0.001107933
drift,3,7,0.001113504
drift,3,8,0.001122001
drift,3,9,0.001125407
particleBC,3,0,0.003101299
particleBC,3,1,0.003092311
particleBC,3,2,0.003119534
particleBC,3,3,0.003133911
particleBC,3,4,0.003124543
particleBC,3,5,0.003129633
particleBC,3,6,0.003120205
particleBC,3,7,0.003107139
particleBC,3,8,0.003115165
particleBC,3,9,0.003085166
updateParticle,3,0,0.009495094
updateParticle,3,1,0.009566311
updateParticle,3,2,0.011013821
updateParticle,3,3,0.010703089
updateParticle,3,4,0.009620216
updateParticle,3,5,0.009453383
updateParticle,3,6,0.010859532
updateParticle,3,7,0.009536164
updateParticle,3,8,0.009486256
updateParticle,3,9,0.009514722
locateParticles,3,0,0.002664453
locateParticles,3,1,0.002674914
locateParticles,3,2,0.002639664
locateParticles,3,3,0.002649414
locateParticles,3,4,0.002660024
locateParticles,3,5,0.00263697
locateParticles,3,6,0.002661959
locateParticles,3,7,0.002642771
locateParticles,3,8,0.002701856
locateParticles,3,9,0.00264237
sendPreprocess,3,0,7.8001e-05
sendPreprocess,3,1,0.000115844
sendPreprocess,3,2,8.7339e-05
sendPreprocess,3,3,1.9588e-05
sendPreprocess,3,4,2.4748e-05
sendPreprocess,3,5,8.9643e-05
sendPreprocess,3,6,7.776e-05
sendPreprocess,3,7,8.9393e-05
sendPreprocess,3,8,2.7643e-05
sendPreprocess,3,9,9.7548e-05
particleSend,3,0,0.000614078
particleSend,3,1,0.00061536
particleSend,3,2,0.000617574
particleSend,3,3,0.000610781
particleSend,3,4,0.000819455
particleSend,3,5,0.000612895
particleSend,3,6,0.000664595
particleSend,3,7,0.000631711
particleSend,3,8,0.000668062
particleSend,3,9,0.000619307
particleRecv,3,0,1.3366e-05
particleRecv,3,1,1.1192e-05
particleRecv,3,2,1.2744e-05
particleRecv,3,3,1.2114e-05
particleRecv,3,4,1.1261e-05
particleRecv,3,5,1.2224e-05
particleRecv,3,6,1.1873e-05
particleRecv,3,7,1.3256e-05
particleRecv,3,8,1.1192e-05
particleRecv,3,9,1.1552e-05
particleDestroy,3,0,0.005329688
particleDestroy,3,1,0.005306423
particleDestroy,3,2,0.005296123
particleDestroy,3,3,0.005225496
particleDestroy,3,4,0.005237129
particleDestroy,3,5,0.005181943
particleDestroy,3,6,0.005323767
particleDestroy,3,7,0.005218794
particleDestroy,3,8,0.005230405
particleDestroy,3,9,0.005242899
ScatterPIFNUFFT,3,0,0.128305736
ScatterPIFNUFFT,3,1,0.001260027
ScatterPIFNUFFT,3,2,0.128929363
ScatterPIFNUFFT,3,3,0.001257492
ScatterPIFNUFFT,3,4,0.12999285
ScatterPIFNUFFT,3,5,0.00125611
ScatterPIFNUFFT,3,6,0.128896459
ScatterPIFNUFFT,3,7,0.001267592
ScatterPIFNUFFT,3,8,0.129861014
ScatterPIFNUFFT,3,9,0.001267592
ScatterPIFNUFFT,3,10,0.129774336
ScatterPIFNUFFT,3,11,0.001261931
ScatterPIFNUFFT,3,12,0.128940805
ScatterPIFNUFFT,3,13,0.001263033
ScatterPIFNUFFT,3,14,0.128991864
ScatterPIFNUFFT,3,15,0.001262412
ScatterPIFNUFFT,3,16,0.128775434
ScatterPIFNUFFT,3,17,0.00126197
ScatterPIFNUFFT,3,18,0.129837982
ScatterPIFNUFFT,3,19,0.00126138
NativeNUFFT1,3,0,0.126448204
NativeNUFFT1,3,1,0.126925948
NativeNUFFT1,3,2,0.128129636
NativeNUFFT1,3,3,0.127062122
NativeNUFFT1,3,4,0.128015445
NativeNUFFT1,3,5,0.127902656
NativeNUFFT1,3,6,0.127087932
NativeNUFFT1,3,7,0.127134071
NativeNUFFT1,3,8,0.126919074
NativeNUFFT1,3,9,0.127977814
scatterTimerNUFFT1,3,0,0.078266739
scatterTimerNUFFT1,3,1,0.078635011
scatterTimerNUFFT1,3,2,0.078178419
scatterTimerNUFFT1,3,3,0.078203287
scatterTimerNUFFT1,3,4,0.078243645
scatterTimerNUFFT1,3,5,0.078688755
scatterTimerNUFFT1,3,6,0.078371513
scatterTimerNUFFT1,3,7,0.078177337
scatterTimerNUFFT1,3,8,0.078040272
scatterTimerNUFFT1,3,9,0.078639702
binSort,3,0,0.007142374
binSort,3,1,0.007257076
binSort,3,2,0.007172752
binSort,3,3,0.007192461
binSort,3,4,0.007206928
binSort,3,5,0.00736276
binSort,3,6,0.007181359
binSort,3,7,0.007458444
binSort,3,8,0.007390554
binSort,3,9,0.007457142
binComputeKeys,3,0,0.000547729
binComputeKeys,3,1,0.000547869
binComputeKeys,3,2,0.000548661
binComputeKeys,3,3,0.000547428
binComputeKeys,3,4,0.000550645
binComputeKeys,3,5,0.000545605
binComputeKeys,3,6,0.00055317
binComputeKeys,3,7,0.000554062
binComputeKeys,3,8,0.000549863
binComputeKeys,3,9,0.000549603
binSortByKey,3,0,0.006419926
binSortByKey,3,1,0.006534257
binSortByKey,3,2,0.006448461
binSortByKey,3,3,0.006470604
binSortByKey,3,4,0.006479621
binSortByKey,3,5,0.006642456
binSortByKey,3,6,0.006450787
binSortByKey,3,7,0.006726248
binSortByKey,3,8,0.006662245
binSortByKey,3,9,0.006733482
binComputeOffsets,3,0,0.000172052
binComputeOffsets,3,1,0.000172092
binComputeOffsets,3,2,0.000172964
binComputeOffsets,3,3,0.000171782
binComputeOffsets,3,4,0.000173766
binComputeOffsets,3,5,0.000171612
binComputeOffsets,3,6,0.000174638
binComputeOffsets,3,7,0.000175349
binComputeOffsets,3,8,0.000175309
binComputeOffsets,3,9,0.000171131
FFTNUFFT1,3,0,0.047800538
FFTNUFFT1,3,1,0.047901913
FFTNUFFT1,3,2,0.049567024
FFTNUFFT1,3,3,0.04847967
FFTNUFFT1,3,4,0.049392977
FFTNUFFT1,3,5,0.048832914
FFTNUFFT1,3,6,0.048335292
FFTNUFFT1,3,7,0.048570296
FFTNUFFT1,3,8,0.048490591
FFTNUFFT1,3,9,0.048958889
deconvolutionNUFFT1,3,0,0.000377791
deconvolutionNUFFT1,3,1,0.000385956
deconvolutionNUFFT1,3,2,0.000381057
deconvolutionNUFFT1,3,3,0.000376077
deconvolutionNUFFT1,3,4,0.000375466
deconvolutionNUFFT1,3,5,0.00037772
deconvolutionNUFFT1,3,6,0.0003775
deconvolutionNUFFT1,3,7,0.000383341
deconvolutionNUFFT1,3,8,0.000384503
deconvolutionNUFFT1,3,9,0.000375958
GatherPIFNUFFT,3,0,0.683333094
GatherPIFNUFFT,3,1,0.683775459
GatherPIFNUFFT,3,2,0.682468892
GatherPIFNUFFT,3,3,0.68364174
GatherPIFNUFFT,3,4,0.684038338
GatherPIFNUFFT,3,5,0.682972045
GatherPIFNUFFT,3,6,0.684320603
GatherPIFNUFFT,3,7,0.682861051
GatherPIFNUFFT,3,8,0.68201765
GatherPIFNUFFT,3,9,0.684228626
NativeNUFFT2,3,0,0.225227987
NativeNUFFT2,3,1,0.223949133
NativeNUFFT2,3,2,0.223857185
NativeNUFFT2,3,3,0.225794231
NativeNUFFT2,3,4,0.223699139
NativeNUFFT2,3,5,0.223897534
NativeNUFFT2,3,6,0.225102404
NativeNUFFT2,3,7,0.223727515
NativeNUFFT2,3,8,0.223386385
NativeNUFFT2,3,9,0.225233757
NativeNUFFT2,3,10,0.224077451
NativeNUFFT2,3,11,0.223992166
NativeNUFFT2,3,12,0.225383568
NativeNUFFT2,3,13,0.223941368
NativeNUFFT2,3,14,0.224348386
NativeNUFFT2,3,15,0.225879316
NativeNUFFT2,3,16,0.223529782
NativeNUFFT2,3,17,0.223278396
NativeNUFFT2,3,18,0.22552491
NativeNUFFT2,3,19,0.224388893
NativeNUFFT2,3,20,0.22403564
NativeNUFFT2,3,21,0.224633687
NativeNUFFT2,3,22,0.223507189
NativeNUFFT2,3,23,0.224229676
NativeNUFFT2,3,24,0.225047858
NativeNUFFT2,3,25,0.223448113
NativeNUFFT2,3,26,0.223231556
NativeNUFFT2,3,27,0.225523138
NativeNUFFT2,3,28,0.224246289
NativeNUFFT2,3,29,0.224082251
PrecorrectionNUFFT2,3,0,0.000651801
PrecorrectionNUFFT2,3,1,0.000612966
PrecorrectionNUFFT2,3,2,0.000617625
PrecorrectionNUFFT2,3,3,0.000652512
PrecorrectionNUFFT2,3,4,0.000621241
PrecorrectionNUFFT2,3,5,0.000626361
PrecorrectionNUFFT2,3,6,0.000644627
PrecorrectionNUFFT2,3,7,0.000614859
PrecorrectionNUFFT2,3,8,0.000618376
PrecorrectionNUFFT2,3,9,0.000647222
PrecorrectionNUFFT2,3,10,0.000627694
PrecorrectionNUFFT2,3,11,0.000623275
PrecorrectionNUFFT2,3,12,0.000644236
PrecorrectionNUFFT2,3,13,0.000621091
PrecorrectionNUFFT2,3,14,0.000622514
PrecorrectionNUFFT2,3,15,0.000642864
PrecorrectionNUFFT2,3,16,0.000618997
PrecorrectionNUFFT2,3,17,0.000623306
PrecorrectionNUFFT2,3,18,0.000654055
PrecorrectionNUFFT2,3,19,0.000617384
PrecorrectionNUFFT2,3,20,0.000624889
PrecorrectionNUFFT2,3,21,0.00065154
PrecorrectionNUFFT2,3,22,0.000628776
PrecorrectionNUFFT2,3,23,0.000624709
PrecorrectionNUFFT2,3,24,0.000644476
PrecorrectionNUFFT2,3,25,0.000614108
PrecorrectionNUFFT2,3,26,0.00062077
PrecorrectionNUFFT2,3,27,0.00065142
PrecorrectionNUFFT2,3,28,0.000622023
PrecorrectionNUFFT2,3,29,0.000619959
FFTNUFFT2,3,0,0.048796303
FFTNUFFT2,3,1,0.047889039
FFTNUFFT2,3,2,0.047799305
FFTNUFFT2,3,3,0.049282743
FFTNUFFT2,3,4,0.047691115
FFTNUFFT2,3,5,0.047707236
FFTNUFFT2,3,6,0.048596618
FFTNUFFT2,3,7,0.047633464
FFTNUFFT2,3,8,0.047316542
FFTNUFFT2,3,9,0.048807715
FFTNUFFT2,3,10,0.047944386
FFTNUFFT2,3,11,0.04779674
FFTNUFFT2,3,12,0.048896747
FFTNUFFT2,3,13,0.047810256
FFTNUFFT2,3,14,0.048164451
FFTNUFFT2,3,15,0.049190075
FFTNUFFT2,3,16,0.047172282
FFTNUFFT2,3,17,0.047121675
FFTNUFFT2,3,18,0.049117244
FFTNUFFT2,3,19,0.048043577
FFTNUFFT2,3,20,0.047765991
FFTNUFFT2,3,21,0.048191503
FFTNUFFT2,3,22,0.047494836
FFTNUFFT2,3,23,0.047928705
FFTNUFFT2,3,24,0.04838131
FFTNUFFT2,3,25,0.047304378
FFTNUFFT2,3,26,0.047174546
FFTNUFFT2,3,27,0.048982193
FFTNUFFT2,3,28,0.047871935
FFTNUFFT2,3,29,0.047866485
GatherNUFFT2,3,0,0.175774042
GatherNUFFT2,3,1,0.175441328
GatherNUFFT2,3,2,0.175434455
GatherNUFFT2,3,3,0.175853115
GatherNUFFT2,3,4,0.175380871
GatherNUFFT2,3,5,0.175558144
GatherNUFFT2,3,6,0.175854948
GatherNUFFT2,3,7,0.175473501
GatherNUFFT2,3,8,0.175444775
GatherNUFFT2,3,9,0.175772739
GatherNUFFT2,3,10,0.17549948
GatherNUFFT2,3,11,0.17556645
GatherNUFFT2,3,12,0.175837203
GatherNUFFT2,3,13,0.175504159
GatherNUFFT2,3,14,0.17555591
GatherNUFFT2,3,15,0.176040206
GatherNUFFT2,3,16,0.17573176
GatherNUFFT2,3,17,0.175527775
GatherNUFFT2,3,18,0.1757478
GatherNUFFT2,3,19,0.175721961
GatherNUFFT2,3,20,0.17563901
GatherNUFFT2,3,21,0.175784221
GatherNUFFT2,3,22,0.175378076
GatherNUFFT2,3,23,0.175670572
GatherNUFFT2,3,24,0.17601596
GatherNUFFT2,3,25,0.175523486
GatherNUFFT2,3,26,0.175430197
GatherNUFFT2,3,27,0.175883834
GatherNUFFT2,3,28,0.175746669
GatherNUFFT2,3,29,0.175589835
mainTimer,4,0,8.379627496
dumpData,4,0,0.00935844
dumpData,4,1,0.008135093
dumpData,4,2,0.008178377
dumpData,4,3,0.008092741
dumpData,4,4,0.008311103
dumpData,4,5,0.008108192
dumpData,4,6,0.007581403
dumpData,4,7,0.008389435
dumpData,4,8,0.007715553
dumpData,4,9,0.007972479
kick,4,0,0.001057906
kick,4,1,0.001068747
kick,4,2,0.001055392
kick,4,3,0.001096932
kick,4,4,0.001053067
kick,4,5,0.001088576
kick,4,6,0.001059378
kick,4,7,0.001089667
kick,4,8,0.001061903
kick,4,9,0.001086201
kick,4,10,0.001061012
kick,4,11,0.001084688
kick,4,12,0.001068577
kick,4,13,0.001086461
kick,4,14,0.001076241
kick,4,15,0.001079448
kick,4,16,0.001058737
kick,4,17,0.001087824
kick,4,18,0.001074087
kick,4,19,0.001095679
drift,4,0,0.001034
drift,4,1,0.001045072
drift,4,2,0.001039922
drift,4,3,0.001028088
drift,4,4,0.001025613
drift,4,5,0.00104466
drift,4,6,0.001037366
drift,4,7,0.001024151
drift,4,8,0.001042727
drift,4,9,0.001028038
particleBC,4,0,0.003077372
particleBC,4,1,0.003072764
particleBC,4,2,0.003099074
particleBC,4,3,0.003103402
particleBC,4,4,0.003109765
particleBC,4,5,0.003105657
particleBC,4,6,0.003090948
particleBC,4,7,0.003074376
particleBC,4,8,0.003106308
particleBC,4,9,0.00307152
updateParticle,4,0,0.009493811
updateParticle,4,1,0.009629043
updateParticle,4,2,0.011153591
updateParticle,4,3,0.011017308
updateParticle,4,4,0.009592442
updateParticle,4,5,0.009500343
updateParticle,4,6,0.011149834
updateParticle,4,7,0.009868727
updateParticle,4,8,0.009660754
updateParticle,4,9,0.009513609
locateParticles,4,0,0.002603095
locateParticles,4,1,0.002622923
locateParticles,4,2,0.002603034
locateParticles,4,3,0.002604187
locateParticles,4,4,0.002589478
locateParticles,4,5,0.002604116
locateParticles,4,6,0.002824353
locateParticles,4,7,0.002584378
locateParticles,4,8,0.002656007
locateParticles,4,9,0.002597725
sendPreprocess,4,0,0.000294349
sendPreprocess,4,1,0.000274441
sendPreprocess,4,2,0.000298468
sendPreprocess,4,3,0.000259993
sendPreprocess,4,4,0.000287716
sendPreprocess,4,5,0.000292896
sendPreprocess,4,6,9.4143e-05
sendPreprocess,4,7,0.000331
sendPreprocess,4,8,0.000245204
sendPreprocess,4,9,0.000319107
particleSend,4,0,0.000622183
particleSend,4,1,0.000625079
particleSend,4,2,0.000682279
particleSend,4,3,0.000624227
particleSend,4,4,0.000621041
particleSend,4,5,0.000617946
particleSend,4,6,0.000620049
particleSend,4,7,0.000877577
particleSend,4,8,0.000626391
particleSend,4,9,0.000617986
particleRecv,4,0,1.1623e-05
particleRecv,4,1,1.1693e-05
particleRecv,4,2,1.1712e-05
particleRecv,4,3,1.4458e-05
particleRecv,4,4,1.1231e-05
particleRecv,4,5,1.1552e-05
particleRecv,4,6,1.5901e-05
particleRecv,4,7,1.1923e-05
particleRecv,4,8,1.2705e-05
particleRecv,4,9,1.2735e-05
particleDestroy,4,0,0.005312905
particleDestroy,4,1,0.005278249
particleDestroy,4,2,0.005376248
particleDestroy,4,3,0.005226649
particleDestroy,4,4,0.005126615
particleDestroy,4,5,0.005271114
particleDestroy,4,6,0.005081768
particleDestroy,4,7,0.005306483
particleDestroy,4,8,0.005309619
particleDestroy,4,9,0.005252839
ScatterPIFNUFFT,4,0,0.12898007
ScatterPIFNUFFT,4,1,0.001258414
ScatterPIFNUFFT,4,2,0.129370856
ScatterPIFNUFFT,4,3,0.00126167
ScatterPIFNUFFT,4,4,0.130473318
ScatterPIFNUFFT,4,5,0.001254917
ScatterPIFNUFFT,4,6,0.129334066
ScatterPIFNUFFT,4,7,0.001262933
ScatterPIFNUFFT,4,8,0.130412411
ScatterPIFNUFFT,4,9,0.00125632
ScatterPIFNUFFT,4,10,0.130572109
ScatterPIFNUFFT,4,11,0.001263835
ScatterPIFNUFFT,4,12,0.12924321
ScatterPIFNUFFT,4,13,0.001263684
ScatterPIFNUFFT,4,14,0.12929048
ScatterPIFNUFFT,4,15,0.001262953
ScatterPIFNUFFT,4,16,0.129084341
ScatterPIFNUFFT,4,17,0.001264816
ScatterPIFNUFFT,4,18,0.130314523
ScatterPIFNUFFT,4,19,0.001259566
NativeNUFFT1,4,0,0.12714429
NativeNUFFT1,4,1,0.127530537
NativeNUFFT1,4,2,0.128644762
NativeNUFFT1,4,3,0.127497313
NativeNUFFT1,4,4,0.128569145
NativeNUFFT1,4,5,0.128709757
NativeNUFFT1,4,6,0.127410786
NativeNUFFT1,4,7,0.127445392
NativeNUFFT1,4,8,0.127241077
NativeNUFFT1,4,9,0.128486166
scatterTimerNUFFT1,4,0,0.077948694
scatterTimerNUFFT1,4,1,0.078315294
scatterTimerNUFFT1,4,2,0.07812761
scatterTimerNUFFT1,4,3,0.07816874
scatterTimerNUFFT1,4,4,0.078545739
scatterTimerNUFFT1,4,5,0.078621014
scatterTimerNUFFT1,4,6,0.078008521
scatterTimerNUFFT1,4,7,0.07796215
scatterTimerNUFFT1,4,8,0.078030081
scatterTimerNUFFT1,4,9,0.078835851
binSort,4,0,0.007051738
binSort,4,1,0.007414229
binSort,4,2,0.007009145
binSort,4,3,0.007030828
binSort,4,4,0.007062328
binSort,4,5,0.007053922
binSort,4,6,0.007058832
binSort,4,7,0.007324355
binSort,4,8,0.007385163
binSort,4,9,0.007078691
binComputeKeys,4,0,0.000515838
binComputeKeys,4,1,0.000517632
binComputeKeys,4,2,0.000512061
binComputeKeys,4,3,0.000518934
binComputeKeys,4,4,0.000511129
binComputeKeys,4,5,0.000510958
binComputeKeys,4,6,0.000514785
binComputeKeys,4,7,0.000511499
binComputeKeys,4,8,0.000514335
binComputeKeys,4,9,0.00051194
binSortByKey,4,0,0.00635995
binSortByKey,4,1,0.006720337
binSortByKey,4,2,0.006322398
binSortByKey,4,3,0.006335734
binSortByKey,4,4,0.00637007
binSortByKey,4,5,0.006365019
binSortByKey,4,6,0.006366994
binSortByKey,4,7,0.006636154
binSortByKey,4,8,0.006693706
binSortByKey,4,9,0.006389858
binComputeOffsets,4,0,0.000173205
binComputeOffsets,4,1,0.000173375
binComputeOffsets,4,2,0.000171672
binComputeOffsets,4,3,0.000173415
binComputeOffsets,4,4,0.000177794
binComputeOffsets,4,5,0.000174548
binComputeOffsets,4,6,0.000173906
binComputeOffsets,4,7,0.000173917
binComputeOffsets,4,8,0.000173716
binComputeOffsets,4,9,0.000174167
FFTNUFFT1,4,0,0.04882556
FFTNUFFT1,4,1,0.048848855
FFTNUFFT1,4,2,0.050147586
FFTNUFFT1,4,3,0.04896539
FFTNUFFT1,4,4,0.049657849
FFTNUFFT1,4,5,0.049719879
FFTNUFFT1,4,6,0.049038932
FFTNUFFT1,4,7,0.049118677
FFTNUFFT1,4,8,0.048845308
FFTNUFFT1,4,9,0.049275681
deconvolutionNUFFT1,4,0,0.000366979
deconvolutionNUFFT1,4,1,0.000363242
deconvolutionNUFFT1,4,2,0.000366409
deconvolutionNUFFT1,4,3,0.000359986
deconvolutionNUFFT1,4,4,0.000362051
deconvolutionNUFFT1,4,5,0.000365857
deconvolutionNUFFT1,4,6,0.000360227
deconvolutionNUFFT1,4,7,0.000361248
deconvolutionNUFFT1,4,8,0.00036189
deconvolutionNUFFT1,4,9,0.000371568
GatherPIFNUFFT,4,0,0.681009038
GatherPIFNUFFT,4,1,0.681525237
GatherPIFNUFFT,4,2,0.680091905
GatherPIFNUFFT,4,3,0.681298348
GatherPIFNUFFT,4,4,0.681538293
GatherPIFNUFFT,4,5,0.680313965
GatherPIFNUFFT,4,6,0.682318872
GatherPIFNUFFT,4,7,0.680121774
GatherPIFNUFFT,4,8,0.680033022
GatherPIFNUFFT,4,9,0.68180042
NativeNUFFT2,4,0,0.222860689
NativeNUFFT2,4,1,0.224115374
NativeNUFFT2,4,2,0.223700943
NativeNUFFT2,4,3,0.223255341
NativeNUFFT2,4,4,0.224120544
NativeNUFFT2,4,5,0.223842557
NativeNUFFT2,4,6,0.222732931
NativeNUFFT2,4,7,0.223747293
NativeNUFFT2,4,8,0.223280451
NativeNUFFT2,4,9,0.22281497
NativeNUFFT2,4,10,0.22394757
NativeNUFFT2,4,11,0.224216691
NativeNUFFT2,4,12,0.223000729
NativeNUFFT2,4,13,0.224264954
NativeNUFFT2,4,14,0.223968661
NativeNUFFT2,4,15,0.223221646
NativeNUFFT2,4,16,0.223567445
NativeNUFFT2,4,17,0.223170888
NativeNUFFT2,4,18,0.2233791
NativeNUFFT2,4,19,0.224222542
NativeNUFFT2,4,20,0.224400255
NativeNUFFT2,4,21,0.222917999
NativeNUFFT2,4,22,0.222924733
NativeNUFFT2,4,23,0.223961568
NativeNUFFT2,4,24,0.222703103
NativeNUFFT2,4,25,0.223253748
NativeNUFFT2,4,26,0.223756391
NativeNUFFT2,4,27,0.223310639
NativeNUFFT2,4,28,0.224206712
NativeNUFFT2,4,29,0.223971528
PrecorrectionNUFFT2,4,0,0.000633485
PrecorrectionNUFFT2,4,1,0.000611713
PrecorrectionNUFFT2,4,2,0.000617173
PrecorrectionNUFFT2,4,3,0.000623556
PrecorrectionNUFFT2,4,4,0.000709181
PrecorrectionNUFFT2,4,5,0.000619819
PrecorrectionNUFFT2,4,6,0.000623917
PrecorrectionNUFFT2,4,7,0.000619868
PrecorrectionNUFFT2,4,8,0.000617053
PrecorrectionNUFFT2,4,9,0.00062567
PrecorrectionNUFFT2,4,10,0.00061516
PrecorrectionNUFFT2,4,11,0.000615109
PrecorrectionNUFFT2,4,12,0.000635299
PrecorrectionNUFFT2,4,13,0.000617654
PrecorrectionNUFFT2,4,14,0.000617694
PrecorrectionNUFFT2,4,15,0.000632323
PrecorrectionNUFFT2,4,16,0.000610631
PrecorrectionNUFFT2,4,17,0.000615932
PrecorrectionNUFFT2,4,18,0.000638305
PrecorrectionNUFFT2,4,19,0.000612865
PrecorrectionNUFFT2,4,20,0.000616903
PrecorrectionNUFFT2,4,21,0.000623887
PrecorrectionNUFFT2,4,22,0.000611933
PrecorrectionNUFFT2,4,23,0.000623957
PrecorrectionNUFFT2,4,24,0.000635519
PrecorrectionNUFFT2,4,25,0.000611733
PrecorrectionNUFFT2,4,26,0.000616833
PrecorrectionNUFFT2,4,27,0.000628325
PrecorrectionNUFFT2,4,28,0.000615591
PrecorrectionNUFFT2,4,29,0.000611192
FFTNUFFT2,4,0,0.048860928
FFTNUFFT2,4,1,0.050278119
FFTNUFFT2,4,2,0.050042884
FFTNUFFT2,4,3,0.049218289
FFTNUFFT2,4,4,0.050419152
FFTNUFFT2,4,5,0.050117308
FFTNUFFT2,4,6,0.048688966
FFTNUFFT2,4,7,0.049688288
FFTNUFFT2,4,8,0.049632951
FFTNUFFT2,4,9,0.04874336
FFTNUFFT2,4,10,0.05036639
FFTNUFFT2,4,11,0.050334959
FFTNUFFT2,4,12,0.048682403
FFTNUFFT2,4,13,0.050436295
FFTNUFFT2,4,14,0.050201591
FFTNUFFT2,4,15,0.048932827
FFTNUFFT2,4,16,0.049673099
FFTNUFFT2,4,17,0.049465558
FFTNUFFT2,4,18,0.049160849
FFTNUFFT2,4,19,0.050285574
FFTNUFFT2,4,20,0.050327715
FFTNUFFT2,4,21,0.048473269
FFTNUFFT2,4,22,0.049437182
FFTNUFFT2,4,23,0.050280094
FFTNUFFT2,4,24,0.048669097
FFTNUFFT2,4,25,0.04963792
FFTNUFFT2,4,26,0.049900899
FFTNUFFT2,4,27,0.04930152
FFTNUFFT2,4,28,0.050317556
FFTNUFFT2,4,29,0.050373915
GatherNUFFT2,4,0,0.173360343
GatherNUFFT2,4,1,0.17321923
GatherNUFFT2,4,2,0.173033471
GatherNUFFT2,4,3,0.173407424
GatherNUFFT2,4,4,0.17298631
GatherNUFFT2,4,5,0.173099148
GatherNUFFT2,4,6,0.173414217
GatherNUFFT2,4,7,0.173433545
GatherNUFFT2,4,8,0.173024494
GatherNUFFT2,4,9,0.173439717
GatherNUFFT2,4,10,0.172960439
GatherNUFFT2,4,11,0.173260199
GatherNUFFT2,4,12,0.173676705
GatherNUFFT2,4,13,0.173204221
GatherNUFFT2,4,14,0.173143424
GatherNUFFT2,4,15,0.173650935
GatherNUFFT2,4,16,0.173276822
GatherNUFFT2,4,17,0.173083357
GatherNUFFT2,4,18,0.173574046
GatherNUFFT2,4,19,0.173318362
GatherNUFFT2,4,20,0.173449124
GatherNUFFT2,4,21,0.173815163
GatherNUFFT2,4,22,0.172869846
GatherNUFFT2,4,23,0.173051707
GatherNUFFT2,4,24,0.173392976
GatherNUFFT2,4,25,0.172997853
GatherNUFFT2,4,26,0.173231675
GatherNUFFT2,4,27,0.173375233
GatherNUFFT2,4,28,0.173268396
GatherNUFFT2,4,29,0.17298075
mainTimer,5,0,8.379627938
dumpData,5,0,0.004780775
dumpData,5,1,0.003696359
dumpData,5,2,0.00351647
dumpData,5,3,0.003483527
dumpData,5,4,0.00363523
dumpData,5,5,0.003671009
dumpData,5,6,0.003514837
dumpData,5,7,0.00350044
dumpData,5,8,0.003492044
dumpData,5,9,0.003476924
kick,5,0,0.001086902
kick,5,1,0.00106002
kick,5,2,0.001090459
kick,5,3,0.001062635
kick,5,4,0.001078055
kick,5,5,0.001062244
kick,5,6,0.001090699
kick,5,7,0.0010596
kick,5,8,0.001074297
kick,5,9,0.001079408
kick,5,10,0.001077073
kick,5,11,0.001060541
kick,5,12,0.001073867
kick,5,13,0.001070862
kick,5,14,0.001083535
kick,5,15,0.001062846
kick,5,16,0.00107013
kick,5,17,0.001116109
kick,5,18,0.001064299
kick,5,19,0.001067725
drift,5,0,0.001096651
drift,5,1,0.001100729
drift,5,2,0.001112041
drift,5,3,0.001102242
drift,5,4,0.001109045
drift,5,5,0.001089728
drift,5,6,0.001100719
drift,5,7,0.001101991
drift,5,8,0.001100478
drift,5,9,0.001114035
particleBC,5,0,0.003109834
particleBC,5,1,0.003104524
particleBC,5,2,0.003106098
particleBC,5,3,0.003131647
particleBC,5,4,0.00312306
particleBC,5,5,0.003111228
particleBC,5,6,0.003103843
particleBC,5,7,0.003108842
particleBC,5,8,0.003107771
particleBC,5,9,0.003103042
updateParticle,5,0,0.009522046
updateParticle,5,1,0.009478141
updateParticle,5,2,0.011036415
updateParticle,5,3,0.010753357
updateParticle,5,4,0.00950333
updateParticle,5,5,0.009556833
updateParticle,5,6,0.011007508
updateParticle,5,7,0.009735459
updateParticle,5,8,0.009540281
updateParticle,5,9,0.009584767
locateParticles,5,0,0.002670905
locateParticles,5,1,0.002673892
locateParticles,5,2,0.002663401
locateParticles,5,3,0.00268889
locateParticles,5,4,0.002686165
locateParticles,5,5,0.00265798
locateParticles,5,6,0.002773224
locateParticles,5,7,0.002656939
locateParticles,5,8,0.00263166
locateParticles,5,9,0.002657189
sendPreprocess,5,0,0.000101447
sendPreprocess,5,1,9.9913e-05
sendPreprocess,5,2,0.000132967
sendPreprocess,5,3,4.2583e-05
sendPreprocess,5,4,8.1688e-05
sendPreprocess,5,5,0.000172935
sendPreprocess,5,6,6.5436e-05
sendPreprocess,5,7,0.000138238
sendPreprocess,5,8,0.000198664
sendPreprocess,5,9,0.000151543
particleSend,5,0,0.000610631
particleSend,5,1,0.000607745
particleSend,5,2,0.000618225
particleSend,5,3,0.000660127
particleSend,5,4,0.000616884
particleSend,5,5,0.000607786
particleSend,5,6,0.000614479
particleSend,5,7,0.000820808
particleSend,5,8,0.000609018
particleSend,5,9,0.000610902
particleRecv,5,0,1.1663e-05
particleRecv,5,1,1.1682e-05
particleRecv,5,2,1.2945e-05
particleRecv,5,3,1.2214e-05
particleRecv,5,4,1.3146e-05
particleRecv,5,5,1.1382e-05
particleRecv,5,6,1.3727e-05
particleRecv,5,7,1.1793e-05
particleRecv,5,8,1.4098e-05
particleRecv,5,9,1.2645e-05
particleDestroy,5,0,0.005241007
particleDestroy,5,1,0.005198564
particleDestroy,5,2,0.005257348
particleDestroy,5,3,0.005234303
particleDestroy,5,4,0.005200288
particleDestroy,5,5,0.005214205
particleDestroy,5,6,0.005250034
particleDestroy,5,7,0.005241708
particleDestroy,5,8,0.00519625
particleDestroy,5,9,0.005218943
ScatterPIFNUFFT,5,0,0.128342869
ScatterPIFNUFFT,5,1,0.001267251
ScatterPIFNUFFT,5,2,0.128848085
ScatterPIFNUFFT,5,3,0.001259236
ScatterPIFNUFFT,5,4,0.129940448
ScatterPIFNUFFT,5,5,0.001264807
ScatterPIFNUFFT,5,6,0.128903693
ScatterPIFNUFFT,5,7,0.001260478
ScatterPIFNUFFT,5,8,0.13009187
ScatterPIFNUFFT,5,9,0.001263654
ScatterPIFNUFFT,5,10,0.129804434
ScatterPIFNUFFT,5,11,0.001260288
ScatterPIFNUFFT,5,12,0.12884006
ScatterPIFNUFFT,5,13,0.001265107
ScatterPIFNUFFT,5,14,0.128794081
ScatterPIFNUFFT,5,15,0.001261811
ScatterPIFNUFFT,5,16,0.128777629
ScatterPIFNUFFT,5,17,0.001262783
ScatterPIFNUFFT,5,18,0.129821179
ScatterPIFNUFFT,5,19,0.001259746
NativeNUFFT1,5,0,0.126502169
NativeNUFFT1,5,1,0.12700993
NativeNUFFT1,5,2,0.128102603
NativeNUFFT1,5,3,0.127067391
NativeNUFFT1,5,4,0.128267522
NativeNUFFT1,5,5,0.127967131
NativeNUFFT1,5,6,0.126992908
NativeNUFFT1,5,7,0.126956097
NativeNUFFT1,5,8,0.12694275
NativeNUFFT1,5,9,0.127977253
scatterTimerNUFFT1,5,0,0.077679915
scatterTimerNUFFT1,5,1,0.078265518
scatterTimerNUFFT1,5,2,0.077840255
scatterTimerNUFFT1,5,3,0.078101019
scatterTimerNUFFT1,5,4,0.078415277
scatterTimerNUFFT1,5,5,0.078483328
scatterTimerNUFFT1,5,6,0.078078397
scatterTimerNUFFT1,5,7,0.077936922
scatterTimerNUFFT1,5,8,0.078093735
scatterTimerNUFFT1,5,9,0.078562573
binSort,5,0,0.007241125
binSort,5,1,0.007471439
binSort,5,2,0.007278346
binSort,5,3,0.007275742
binSort,5,4,0.007404139
binSort,5,5,0.007374071
binSort,5,6,0.007218371
binSort,5,7,0.007323273
binSort,5,8,0.007445219
binSort,5,9,0.007467533
binComputeKeys,5,0,0.000536627
binComputeKeys,5,1,0.000536027
binComputeKeys,5,2,0.000527531
binComputeKeys,5,3,0.000526879
binComputeKeys,5,4,0.000534193
binComputeKeys,5,5,0.000534614
binComputeKeys,5,6,0.00052735
binComputeKeys,5,7,0.000533541
binComputeKeys,5,8,0.000531427
binComputeKeys,5,9,0.000531628
binSortByKey,5,0,0.006527193
binSortByKey,5,1,0.006753592
binSortByKey,5,2,0.006570377
binSortByKey,5,3,0.006572742
binSortByKey,5,4,0.006688926
binSortByKey,5,5,0.006659469
binSortByKey,5,6,0.006513437
binSortByKey,5,7,0.00661362
binSortByKey,5,8,0.006734425
binSortByKey,5,9,0.006759854
binComputeOffsets,5,0,0.000174587
binComputeOffsets,5,1,0.000178916
binComputeOffsets,5,2,0.000177173
binComputeOffsets,5,3,0.000173326
binComputeOffsets,5,4,0.000177403
binComputeOffsets,5,5,0.000177173
binComputeOffsets,5,6,0.000174748
binComputeOffsets,5,7,0.000173365
binComputeOffsets,5,8,0.000175991
binComputeOffsets,5,9,0.000173276
FFTNUFFT1,5,0,0.048439504
FFTNUFFT1,5,1,0.048376511
FFTNUFFT1,5,2,0.049886892
FFTNUFFT1,5,3,0.048592509
FFTNUFFT1,5,4,0.049475206
FFTNUFFT1,5,5,0.049113988
FFTNUFFT1,5,6,0.048548254
FFTNUFFT1,5,7,0.048648858
FFTNUFFT1,5,8,0.048475583
FFTNUFFT1,5,9,0.049046869
deconvolutionNUFFT1,5,0,0.000379554
deconvolutionNUFFT1,5,1,0.000364695
deconvolutionNUFFT1,5,2,0.000371288
deconvolutionNUFFT1,5,3,0.000370396
deconvolutionNUFFT1,5,4,0.000373593
deconvolutionNUFFT1,5,5,0.000366739
deconvolutionNUFFT1,5,6,0.000362581
deconvolutionNUFFT1,5,7,0.00036721
deconvolutionNUFFT1,5,8,0.000369565
deconvolutionNUFFT1,5,9,0.000364575
GatherPIFNUFFT,5,0,0.686056281
GatherPIFNUFFT,5,1,0.686551769
GatherPIFNUFFT,5,2,0.685307052
GatherPIFNUFFT,5,3,0.68649036
GatherPIFNUFFT,5,4,0.686542081
GatherPIFNUFFT,5,5,0.68522376
GatherPIFNUFFT,5,6,0.68686771
GatherPIFNUFFT,5,7,0.685529583
GatherPIFNUFFT,5,8,0.684590225
GatherPIFNUFFT,5,9,0.686642355
NativeNUFFT2,5,0,0.22801673
NativeNUFFT2,5,1,0.224220609
NativeNUFFT2,5,2,0.223584659
NativeNUFFT2,5,3,0.22866822
NativeNUFFT2,5,4,0.224071749
NativeNUFFT2,5,5,0.223591752
NativeNUFFT2,5,6,0.227874966
NativeNUFFT2,5,7,0.223814103
NativeNUFFT2,5,8,0.22338333
NativeNUFFT2,5,9,0.228121362
NativeNUFFT2,5,10,0.224050529
NativeNUFFT2,5,11,0.22397825
NativeNUFFT2,5,12,0.228076105
NativeNUFFT2,5,13,0.224078293
NativeNUFFT2,5,14,0.224078153
NativeNUFFT2,5,15,0.22845618
NativeNUFFT2,5,16,0.223226777
NativeNUFFT2,5,17,0.223310579
NativeNUFFT2,5,18,0.228352169
NativeNUFFT2,5,19,0.224363295
NativeNUFFT2,5,20,0.223936068
NativeNUFFT2,5,21,0.227727391
NativeNUFFT2,5,22,0.223478494
NativeNUFFT2,5,23,0.224102711
NativeNUFFT2,5,24,0.227698124
NativeNUFFT2,5,25,0.223546514
NativeNUFFT2,5,26,0.223098107
NativeNUFFT2,5,27,0.228248108
NativeNUFFT2,5,28,0.223939826
NativeNUFFT2,5,29,0.224154891
PrecorrectionNUFFT2,5,0,0.00063125
PrecorrectionNUFFT2,5,1,0.000608447
PrecorrectionNUFFT2,5,2,0.000607245
PrecorrectionNUFFT2,5,3,0.000624868
PrecorrectionNUFFT2,5,4,0.000601203
PrecorrectionNUFFT2,5,5,0.000605971
PrecorrectionNUFFT2,5,6,0.000626923
PrecorrectionNUFFT2,5,7,0.000600511
PrecorrectionNUFFT2,5,8,0.000607746
PrecorrectionNUFFT2,5,9,0.000637312
PrecorrectionNUFFT2,5,10,0.000611142
PrecorrectionNUFFT2,5,11,0.000600973
PrecorrectionNUFFT2,5,12,0.000646991
PrecorrectionNUFFT2,5,13,0.000612425
PrecorrectionNUFFT2,5,14,0.000601894
PrecorrectionNUFFT2,5,15,0.000634407
PrecorrectionNUFFT2,5,16,0.000600571
PrecorrectionNUFFT2,5,17,0.000604108
PrecorrectionNUFFT2,5,18,0.000623937
PrecorrectionNUFFT2,5,19,0.000601944
PrecorrectionNUFFT2,5,20,0.000608667
PrecorrectionNUFFT2,5,21,0.000631361
PrecorrectionNUFFT2,5,22,0.000612444
PrecorrectionNUFFT2,5,23,0.00060475
PrecorrectionNUFFT2,5,24,0.000628205
PrecorrectionNUFFT2,5,25,0.000606613
PrecorrectionNUFFT2,5,26,0.000604439
PrecorrectionNUFFT2,5,27,0.000628235
PrecorrectionNUFFT2,5,28,0.00061539
PrecorrectionNUFFT2,5,29,0.000611734
FFTNUFFT2,5,0,0.048828285
FFTNUFFT2,5,1,0.045057282
FFTNUFFT2,5,2,0.044822938
FFTNUFFT2,5,3,0.049497759
FFTNUFFT2,5,4,0.045013958
FFTNUFFT2,5,5,0.044910507
FFTNUFFT2,5,6,0.048835209
FFTNUFFT2,5,7,0.044913073
FFTNUFFT2,5,8,0.044734799
FFTNUFFT2,5,9,0.048880936
FFTNUFFT2,5,10,0.045127838
FFTNUFFT2,5,11,0.044954794
FFTNUFFT2,5,12,0.048805401
FFTNUFFT2,5,13,0.045088712
FFTNUFFT2,5,14,0.045347453
FFTNUFFT2,5,15,0.048991861
FFTNUFFT2,5,16,0.044516857
FFTNUFFT2,5,17,0.04476659
FFTNUFFT2,5,18,0.049168033
FFTNUFFT2,5,19,0.045371921
FFTNUFFT2,5,20,0.045167385
FFTNUFFT2,5,21,0.048381101
FFTNUFFT2,5,22,0.044651909
FFTNUFFT2,5,23,0.045179298
FFTNUFFT2,5,24,0.048564635
FFTNUFFT2,5,25,0.044799282
FFTNUFFT2,5,26,0.044532326
FFTNUFFT2,5,27,0.049158985
FFTNUFFT2,5,28,0.045275824
FFTNUFFT2,5,29,0.045540817
GatherNUFFT2,5,0,0.178551323
GatherNUFFT2,5,1,0.178549269
GatherNUFFT2,5,2,0.178147793
GatherNUFFT2,5,3,0.17853941
GatherNUFFT2,5,4,0.178450678
GatherNUFFT2,5,5,0.178069412
GatherNUFFT2,5,6,0.178406884
GatherNUFFT2,5,7,0.178294667
GatherNUFFT2,5,8,0.178034754
GatherNUFFT2,5,9,0.178597041
GatherNUFFT2,5,10,0.178305637
GatherNUFFT2,5,11,0.178416853
GatherNUFFT2,5,12,0.178617832
GatherNUFFT2,5,13,0.178371074
GatherNUFFT2,5,14,0.178123005
GatherNUFFT2,5,15,0.178824121
GatherNUFFT2,5,16,0.178102495
GatherNUFFT2,5,17,0.177934049
GatherNUFFT2,5,18,0.178554368
GatherNUFFT2,5,19,0.178384059
GatherNUFFT2,5,20,0.178153844
GatherNUFFT2,5,21,0.178708867
GatherNUFFT2,5,22,0.17820862
GatherNUFFT2,5,23,0.178312973
GatherNUFFT2,5,24,0.178499192
GatherNUFFT2,5,25,0.178134417
GatherNUFFT2,5,26,0.177955531
GatherNUFFT2,5,27,0.178455046
GatherNUFFT2,5,28,0.17804299
GatherNUFFT2,5,29,0.177996389
mainTimer,6,0,8.379622617
dumpData,6,0,0.007640206
dumpData,6,1,0.006489962
dumpData,6,2,0.006668387
dumpData,6,3,0.006167698
dumpData,6,4,0.006483229
dumpData,6,5,0.006526001
dumpData,6,6,0.006188338
dumpData,6,7,0.006483008
dumpData,6,8,0.006191405
dumpData,6,9,0.006142099
kick,6,0,0.001086812
kick,6,1,0.001102802
kick,6,2,0.001089387
kick,6,3,0.001097343
kick,6,4,0.00112194
kick,6,5,0.001117963
kick,6,6,0.001109095
kick,6,7,0.00111163
kick,6,8,0.001120868
kick,6,9,0.001104968
kick,6,10,0.00111147
kick,6,11,0.001097052
kick,6,12,0.001124294
kick,6,13,0.001099387
kick,6,14,0.001118483
kick,6,15,0.00109131
kick,6,16,0.001134384
kick,6,17,0.001095519
kick,6,18,0.001131798
kick,6,19,0.001121569
drift,6,0,0.00106007
drift,6,1,0.001057977
drift,6,2,0.001082283
drift,6,3,0.001068106
drift,6,4,0.001082895
drift,6,5,0.00107548
drift,6,6,0.001077323
drift,6,7,0.001079197
drift,6,8,0.001082223
drift,6,9,0.001084457
particleBC,6,0,0.003053305
particleBC,6,1,0.003108603
particleBC,6,2,0.003086249
particleBC,6,3,0.003083484
particleBC,6,4,0.003118892
particleBC,6,5,0.003105537
particleBC,6,6,0.003097651
particleBC,6,7,0.003098272
particleBC,6,8,0.003109645
particleBC,6,9,0.003120095
updateParticle,6,0,0.009682436
updateParticle,6,1,0.009599997
updateParticle,6,2,0.011126379
updateParticle,6,3,0.011012138
updateParticle,6,4,0.009531554
updateParticle,6,5,0.009603704
updateParticle,6,6,0.011124285
updateParticle,6,7,0.009599776
updateParticle,6,8,0.009539901
updateParticle,6,9,0.009555681
locateParticles,6,0,0.002744557
locateParticles,6,1,0.002754748
locateParticles,6,2,0.002789866
locateParticles,6,3,0.002731523
locateParticles,6,4,0.002733707
locateParticles,6,5,0.002734428
locateParticles,6,6,0.00275077
locateParticles,6,7,0.002732484
locateParticles,6,8,0.002763324
locateParticles,6,9,0.002716584
sendPreprocess,6,0,0.000115543
sendPreprocess,6,1,5.8704e-05
sendPreprocess,6,2,1.4408e-05
sendPreprocess,6,3,6.3683e-05
sendPreprocess,6,4,1.6983e-05
sendPreprocess,6,5,8.1257e-05
sendPreprocess,6,6,6.6578e-05
sendPreprocess,6,7,6.0507e-05
sendPreprocess,6,8,1.8486e-05
sendPreprocess,6,9,3.8425e-05
particleSend,6,0,0.000623926
particleSend,6,1,0.000628806
particleSend,6,2,0.00063087
particleSend,6,3,0.000623836
particleSend,6,4,0.000622314
particleSend,6,5,0.000620731
particleSend,6,6,0.000629086
particleSend,6,7,0.000632934
particleSend,6,8,0.000627133
particleSend,6,9,0.000631231
particleRecv,6,0,1.1212e-05
particleRecv,6,1,1.3035e-05
particleRecv,6,2,1.2484e-05
particleRecv,6,3,1.2975e-05
particleRecv,6,4,1.1953e-05
particleRecv,6,5,1.1362e-05
particleRecv,6,6,1.2254e-05
particleRecv,6,7,1.1372e-05
particleRecv,6,8,1.0962e-05
particleRecv,6,9,1.2184e-05
particleDestroy,6,0,0.00537184
particleDestroy,6,1,0.005321863
particleDestroy,6,2,0.005366239
particleDestroy,6,3,0.00534662
particleDestroy,6,4,0.005367431
particleDestroy,6,5,0.005363424
particleDestroy,6,6,0.005331471
particleDestroy,6,7,0.005359636
particleDestroy,6,8,0.005346149
particleDestroy,6,9,0.005333134
ScatterPIFNUFFT,6,0,0.128848286
ScatterPIFNUFFT,6,1,0.001264646
ScatterPIFNUFFT,6,2,0.129300981
ScatterPIFNUFFT,6,3,0.001275998
ScatterPIFNUFFT,6,4,0.130290545
ScatterPIFNUFFT,6,5,0.001264696
ScatterPIFNUFFT,6,6,0.129405023
ScatterPIFNUFFT,6,7,0.00126166
ScatterPIFNUFFT,6,8,0.130218675
ScatterPIFNUFFT,6,9,0.00126135
ScatterPIFNUFFT,6,10,0.130392141
ScatterPIFNUFFT,6,11,0.001259887
ScatterPIFNUFFT,6,12,0.129299168
ScatterPIFNUFFT,6,13,0.001260077
ScatterPIFNUFFT,6,14,0.129458797
ScatterPIFNUFFT,6,15,0.001262812
ScatterPIFNUFFT,6,16,0.129111334
ScatterPIFNUFFT,6,17,0.001265287
ScatterPIFNUFFT,6,18,0.130143402
ScatterPIFNUFFT,6,19,0.001259455
NativeNUFFT1,6,0,0.127011273
NativeNUFFT1,6,1,0.127478486
NativeNUFFT1,6,2,0.12845813
NativeNUFFT1,6,3,0.127569813
NativeNUFFT1,6,4,0.128243756
NativeNUFFT1,6,5,0.128557071
NativeNUFFT1,6,6,0.127465502
NativeNUFFT1,6,7,0.127606113
NativeNUFFT1,6,8,0.127266957
NativeNUFFT1,6,9,0.128304546
scatterTimerNUFFT1,6,0,0.077973512
scatterTimerNUFFT1,6,1,0.078421038
scatterTimerNUFFT1,6,2,0.078330062
scatterTimerNUFFT1,6,3,0.078368056
scatterTimerNUFFT1,6,4,0.078836782
scatterTimerNUFFT1,6,5,0.078927357
scatterTimerNUFFT1,6,6,0.078562082
scatterTimerNUFFT1,6,7,0.078182506
scatterTimerNUFFT1,6,8,0.078299563
scatterTimerNUFFT1,6,9,0.078913521
binSort,6,0,0.007294617
binSort,6,1,0.007587915
binSort,6,2,0.007257326
binSort,6,3,0.007253459
binSort,6,4,0.007252968
binSort,6,5,0.007329255
binSort,6,6,0.007189055
binSort,6,7,0.007454196
binSort,6,8,0.007398459
binSort,6,9,0.007438777
binComputeKeys,6,0,0.000535366
binComputeKeys,6,1,0.000530025
binComputeKeys,6,2,0.000528853
binComputeKeys,6,3,0.000526949
binComputeKeys,6,4,0.000529133
binComputeKeys,6,5,0.000528022
binComputeKeys,6,6,0.000528081
binComputeKeys,6,7,0.000529444
binComputeKeys,6,8,0.000526167
binComputeKeys,6,9,0.00052724
binSortByKey,6,0,0.006583553
binSortByKey,6,1,0.006880768
binSortByKey,6,2,0.006552433
binSortByKey,6,3,0.006547574
binSortByKey,6,4,0.006547272
binSortByKey,6,5,0.006625614
binSortByKey,6,6,0.006484191
binSortByKey,6,7,0.006749915
binSortByKey,6,8,0.00669626
binSortByKey,6,9,0.006733252
binComputeOffsets,6,0,0.000172904
binComputeOffsets,6,1,0.000174408
binComputeOffsets,6,2,0.000173265
binComputeOffsets,6,3,0.000176121
binComputeOffsets,6,4,0.000173445
binComputeOffsets,6,5,0.000172964
binComputeOffsets,6,6,0.000173686
binComputeOffsets,6,7,0.000172083
binComputeOffsets,6,8,0.000172904
binComputeOffsets,6,9,0.000175069
FFTNUFFT1,6,0,0.048659178
FFTNUFFT1,6,1,0.048676882
FFTNUFFT1,6,2,0.049744226
FFTNUFFT1,6,3,0.048819618
FFTNUFFT1,6,4,0.049028733
FFTNUFFT1,6,5,0.049248358
FFTNUFFT1,6,6,0.048523326
FFTNUFFT1,6,7,0.049039143
FFTNUFFT1,6,8,0.04858246
FFTNUFFT1,6,9,0.049011119
deconvolutionNUFFT1,6,0,0.000375566
deconvolutionNUFFT1,6,1,0.000377511
deconvolutionNUFFT1,6,2,0.000380626
deconvolutionNUFFT1,6,3,0.000378953
deconvolutionNUFFT1,6,4,0.000374714
deconvolutionNUFFT1,6,5,0.000378292
deconvolutionNUFFT1,6,6,0.000376839
deconvolutionNUFFT1,6,7,0.000381437
deconvolutionNUFFT1,6,8,0.000381257
deconvolutionNUFFT1,6,9,0.000376758
GatherPIFNUFFT,6,0,0.682603252
GatherPIFNUFFT,6,1,0.683183614
GatherPIFNUFFT,6,2,0.681674456
GatherPIFNUFFT,6,3,0.683069033
GatherPIFNUFFT,6,4,0.683509666
GatherPIFNUFFT,6,5,0.681879893
GatherPIFNUFFT,6,6,0.683575833
GatherPIFNUFFT,6,7,0.681999415
GatherPIFNUFFT,6,8,0.681528694
GatherPIFNUFFT,6,9,0.68357878
NativeNUFFT2,6,0,0.22436629
NativeNUFFT2,6,1,0.224057442
NativeNUFFT2,6,2,0.223868888
NativeNUFFT2,6,3,0.224684856
NativeNUFFT2,6,4,0.224475009
NativeNUFFT2,6,5,0.223819993
NativeNUFFT2,6,6,0.224609811
NativeNUFFT2,6,7,0.2233994
NativeNUFFT2,6,8,0.223423567
NativeNUFFT2,6,9,0.223996745
NativeNUFFT2,6,10,0.224393412
NativeNUFFT2,6,11,0.224359817
NativeNUFFT2,6,12,0.224732227
NativeNUFFT2,6,13,0.224394234
NativeNUFFT2,6,14,0.224088964
NativeNUFFT2,6,15,0.224543663
NativeNUFFT2,6,16,0.223880921
NativeNUFFT2,6,17,0.223133465
NativeNUFFT2,6,18,0.224861227
NativeNUFFT2,6,19,0.223739317
NativeNUFFT2,6,20,0.224679747
NativeNUFFT2,6,21,0.224248452
NativeNUFFT2,6,22,0.22345629
NativeNUFFT2,6,23,0.224011113
NativeNUFFT2,6,24,0.224559534
NativeNUFFT2,6,25,0.223072989
NativeNUFFT2,6,26,0.223640797
NativeNUFFT2,6,27,0.225174674
NativeNUFFT2,6,28,0.224212543
NativeNUFFT2,6,29,0.223938984
PrecorrectionNUFFT2,6,0,0.000648445
PrecorrectionNUFFT2,6,1,0.000627023
PrecorrectionNUFFT2,6,2,0.000616713
PrecorrectionNUFFT2,6,3,0.000647443
PrecorrectionNUFFT2,6,4,0.000614749
PrecorrectionNUFFT2,6,5,0.000618466
PrecorrectionNUFFT2,6,6,0.00066166
PrecorrectionNUFFT2,6,7,0.000623636
PrecorrectionNUFFT2,6,8,0.000621692
PrecorrectionNUFFT2,6,9,0.000655378
PrecorrectionNUFFT2,6,10,0.000629297
PrecorrectionNUFFT2,6,11,0.000619378
PrecorrectionNUFFT2,6,12,0.00064097
PrecorrectionNUFFT2,6,13,0.00062077
PrecorrectionNUFFT2,6,14,0.000617915
PrecorrectionNUFFT2,6,15,0.000653744
PrecorrectionNUFFT2,6,16,0.000628526
PrecorrectionNUFFT2,6,17,0.000623927
PrecorrectionNUFFT2,6,18,0.000643555
PrecorrectionNUFFT2,6,19,0.000616752
PrecorrectionNUFFT2,6,20,0.000623827
PrecorrectionNUFFT2,6,21,0.000648564
PrecorrectionNUFFT2,6,22,0.000626591
PrecorrectionNUFFT2,6,23,0.000621141
PrecorrectionNUFFT2,6,24,0.000655067
PrecorrectionNUFFT2,6,25,0.000622033
PrecorrectionNUFFT2,6,26,0.000622594
PrecorrectionNUFFT2,6,27,0.000652562
PrecorrectionNUFFT2,6,28,0.000624819
PrecorrectionNUFFT2,6,29,0.000628816
FFTNUFFT2,6,0,0.048753561
FFTNUFFT2,6,1,0.04864979
FFTNUFFT2,6,2,0.048509979
FFTNUFFT2,6,3,0.049200034
FFTNUFFT2,6,4,0.049087977
FFTNUFFT2,6,5,0.048358146
FFTNUFFT2,6,6,0.048761136
FFTNUFFT2,6,7,0.047908326
FFTNUFFT2,6,8,0.048278202
FFTNUFFT2,6,9,0.048538424
FFTNUFFT2,6,10,0.049018983
FFTNUFFT2,6,11,0.048587049
FFTNUFFT2,6,12,0.048722461
FFTNUFFT2,6,13,0.048848384
FFTNUFFT2,6,14,0.048436317
FFTNUFFT2,6,15,0.048926725
FFTNUFFT2,6,16,0.048543895
FFTNUFFT2,6,17,0.047887746
FFTNUFFT2,6,18,0.049073078
FFTNUFFT2,6,19,0.048812254
FFTNUFFT2,6,20,0.04917715
FFTNUFFT2,6,21,0.04837584
FFTNUFFT2,6,22,0.048101569
FFTNUFFT2,6,23,0.048500031
FFTNUFFT2,6,24,0.048589913
FFTNUFFT2,6,25,0.047799154
FFTNUFFT2,6,26,0.048255236
FFTNUFFT2,6,27,0.049272424
FFTNUFFT2,6,28,0.048501834
FFTNUFFT2,6,29,0.04847917
GatherNUFFT2,6,0,0.174958835
GatherNUFFT2,6,1,0.174774648
GatherNUFFT2,6,2,0.174735843
GatherNUFFT2,6,3,0.174830897
GatherNUFFT2,6,4,0.174766082
GatherNUFFT2,6,5,0.17483752
GatherNUFFT2,6,6,0.175181005
GatherNUFFT2,6,7,0.174862008
GatherNUFFT2,6,8,0.174517732
GatherNUFFT2,6,9,0.174796581
GatherNUFFT2,6,10,0.174739601
GatherNUFFT2,6,11,0.175147429
GatherNUFFT2,6,12,0.175362656
GatherNUFFT2,6,13,0.174918717
GatherNUFFT2,6,14,0.175028941
GatherNUFFT2,6,15,0.174957152
GatherNUFFT2,6,16,0.174701647
GatherNUFFT2,6,17,0.174615651
GatherNUFFT2,6,18,0.175138432
GatherNUFFT2,6,19,0.174304139
GatherNUFFT2,6,20,0.174872608
GatherNUFFT2,6,21,0.175218097
GatherNUFFT2,6,22,0.174722619
GatherNUFFT2,6,23,0.17488382
GatherNUFFT2,6,24,0.175308983
GatherNUFFT2,6,25,0.174645909
GatherNUFFT2,6,26,0.174756784
GatherNUFFT2,6,27,0.175243566
GatherNUFFT2,6,28,0.175080009
GatherNUFFT2,6,29,0.174825246
mainTimer,7,0,8.379627627
dumpData,7,0,0.007755609
dumpData,7,1,0.00663866
dumpData,7,2,0.005742777
dumpData,7,3,0.005891514
dumpData,7,4,0.005773886
dumpData,7,5,0.005418149
dumpData,7,6,0.006528656
dumpData,7,7,0.006297198
dumpData,7,8,0.00522197
dumpData,7,9,0.0059771
kick,7,0,0.001097774
kick,7,1,0.001097593
kick,7,2,0.001081572
kick,7,3,0.001088646
kick,7,4,0.001125206
kick,7,5,0.001097924
kick,7,6,0.001101541
kick,7,7,0.001107833
kick,7,8,0.001120146
kick,7,9,0.001092583
kick,7,10,0.001099276
kick,7,11,0.001087694
kick,7,12,0.001112211
kick,7,13,0.001102282
kick,7,14,0.001104195
kick,7,15,0.001098625
kick,7,16,0.001106189
kick,7,17,0.0010857
kick,7,18,0.001103965
kick,7,19,0.001090159
drift,7,0,0.001048528
drift,7,1,0.001037186
drift,7,2,0.001038708
drift,7,3,0.001083195
drift,7,4,0.001069469
drift,7,5,0.001082995
drift,7,6,0.001088555
drift,7,7,0.001044791
drift,7,8,0.001055562
drift,7,9,0.00108576
particleBC,7,0,0.003110646
particleBC,7,1,0.003105797
particleBC,7,2,0.003077943
particleBC,7,3,0.003054117
particleBC,7,4,0.003080528
particleBC,7,5,0.003101178
particleBC,7,6,0.003120215
particleBC,7,7,0.003085187
particleBC,7,8,0.00309725
particleBC,7,9,0.003095517
updateParticle,7,0,0.00962284
updateParticle,7,1,0.009613803
updateParticle,7,2,0.011113844
updateParticle,7,3,0.011003921
updateParticle,7,4,0.009598083
updateParticle,7,5,0.009606038
updateParticle,7,6,0.0110964
updateParticle,7,7,0.009646466
updateParticle,7,8,0.009610136
updateParticle,7,9,0.009594596
locateParticles,7,0,0.002794925
locateParticles,7,1,0.002821177
locateParticles,7,2,0.002791178
locateParticles,7,3,0.002775738
locateParticles,7,4,0.002784976
locateParticles,7,5,0.002804133
locateParticles,7,6,0.00278155
locateParticles,7,7,0.00283886
locateParticles,7,8,0.002822579
locateParticles,7,9,0.002790117
sendPreprocess,7,0,1.4769e-05
sendPreprocess,7,1,2.2874e-05
sendPreprocess,7,2,6.22e-05
sendPreprocess,7,3,4.2041e-05
sendPreprocess,7,4,1.8356e-05
sendPreprocess,7,5,2.1582e-05
sendPreprocess,7,6,1.6241e-05
sendPreprocess,7,7,1.557e-05
sendPreprocess,7,8,2.7213e-05
sendPreprocess,7,9,1.4879e-05
particleSend,7,0,0.000617063
particleSend,7,1,0.000623044
particleSend,7,2,0.000614268
particleSend,7,3,0.000625099
particleSend,7,4,0.000615711
particleSend,7,5,0.000623095
particleSend,7,6,0.00062018
particleSend,7,7,0.000632493
particleSend,7,8,0.000619568
particleSend,7,9,0.000614729
particleRecv,7,0,1.2364e-05
particleRecv,7,1,1.1252e-05
particleRecv,7,2,1.3537e-05
particleRecv,7,3,1.2144e-05
particleRecv,7,4,1.1342e-05
particleRecv,7,5,1.1292e-05
particleRecv,7,6,1.2725e-05
particleRecv,7,7,1.1612e-05
particleRecv,7,8,1.1111e-05
particleRecv,7,9,1.1993e-05
particleDestroy,7,0,0.005488645
particleDestroy,7,1,0.005488825
particleDestroy,7,2,0.005624658
particleDestroy,7,3,0.005486561
particleDestroy,7,4,0.00549583
particleDestroy,7,5,0.005462455
particleDestroy,7,6,0.005485589
particleDestroy,7,7,0.005491932
particleDestroy,7,8,0.005515777
particleDestroy,7,9,0.005493504
ScatterPIFNUFFT,7,0,0.128311738
ScatterPIFNUFFT,7,1,0.001259887
ScatterPIFNUFFT,7,2,0.128821513
ScatterPIFNUFFT,7,3,0.001262021
ScatterPIFNUFFT,7,4,0.130022637
ScatterPIFNUFFT,7,5,0.001260418
ScatterPIFNUFFT,7,6,0.128707463
ScatterPIFNUFFT,7,7,0.001256861
ScatterPIFNUFFT,7,8,0.130023488
ScatterPIFNUFFT,7,9,0.001254756
ScatterPIFNUFFT,7,10,0.129756171
ScatterPIFNUFFT,7,11,0.00126183
ScatterPIFNUFFT,7,12,0.128771097
ScatterPIFNUFFT,7,13,0.00125622
ScatterPIFNUFFT,7,14,0.128973728
ScatterPIFNUFFT,7,15,0.001264355
ScatterPIFNUFFT,7,16,0.128736489
ScatterPIFNUFFT,7,17,0.001268083
ScatterPIFNUFFT,7,18,0.12986305
ScatterPIFNUFFT,7,19,0.001263894
NativeNUFFT1,7,0,0.126472831
NativeNUFFT1,7,1,0.126976265
NativeNUFFT1,7,2,0.128194501
NativeNUFFT1,7,3,0.12687514
NativeNUFFT1,7,4,0.12816837
NativeNUFFT1,7,5,0.127922014
NativeNUFFT1,7,6,0.126930748
NativeNUFFT1,7,7,0.127137236
NativeNUFFT1,7,8,0.126882454
NativeNUFFT1,7,9,0.12802766
scatterTimerNUFFT1,7,0,0.078099436
scatterTimerNUFFT1,7,1,0.078678857
scatterTimerNUFFT1,7,2,0.0781167
scatterTimerNUFFT1,7,3,0.078010454
scatterTimerNUFFT1,7,4,0.07840105
scatterTimerNUFFT1,7,5,0.078550628
scatterTimerNUFFT1,7,6,0.077963143
scatterTimerNUFFT1,7,7,0.078095619
scatterTimerNUFFT1,7,8,0.07804452
scatterTimerNUFFT1,7,9,0.07852523
binSort,7,0,0.00707831
binSort,7,1,0.007588677
binSort,7,2,0.007056286
binSort,7,3,0.007095734
binSort,7,4,0.007316611
binSort,7,5,0.007330758
binSort,7,6,0.007089652
binSort,7,7,0.007454678
binSort,7,8,0.007382668
binSort,7,9,0.007452163
binComputeKeys,7,0,0.000520727
binComputeKeys,7,1,0.000517601
binComputeKeys,7,2,0.000518182
binComputeKeys,7,3,0.000520396
binComputeKeys,7,4,0.000515717
binComputeKeys,7,5,0.000519785
binComputeKeys,7,6,0.000520276
binComputeKeys,7,7,0.000513223
binComputeKeys,7,8,0.000514134
binComputeKeys,7,9,0.000515638
binSortByKey,7,0,0.00638077
binSortByKey,7,1,0.006894133
binSortByKey,7,2,0.006363587
binSortByKey,7,3,0.006399577
binSortByKey,7,4,0.00662367
binSortByKey,7,5,0.006634311
binSortByKey,7,6,0.006392524
binSortByKey,7,7,0.006765544
binSortByKey,7,8,0.006692614
binSortByKey,7,9,0.006760665
binComputeOffsets,7,0,0.000174056
binComputeOffsets,7,1,0.000174187
binComputeOffsets,7,2,0.000171752
binComputeOffsets,7,3,0.000172834
binComputeOffsets,7,4,0.000174086
binComputeOffsets,7,5,0.000173926
binComputeOffsets,7,6,0.000173806
binComputeOffsets,7,7,0.000173065
binComputeOffsets,7,8,0.000172584
binComputeOffsets,7,9,0.000173124
FFTNUFFT1,7,0,0.04799776
FFTNUFFT1,7,1,0.047912213
FFTNUFFT1,7,2,0.049698708
FFTNUFFT1,7,3,0.048488537
FFTNUFFT1,7,4,0.049388328
FFTNUFFT1,7,5,0.048989788
FFTNUFFT1,7,6,0.048588612
FFTNUFFT1,7,7,0.048667424
FFTNUFFT1,7,8,0.048463138
FFTNUFFT1,7,9,0.04912019
deconvolutionNUFFT1,7,0,0.000372601
deconvolutionNUFFT1,7,1,0.000382139
deconvolutionNUFFT1,7,2,0.000375917
deconvolutionNUFFT1,7,3,0.000373072
deconvolutionNUFFT1,7,4,0.000375647
deconvolutionNUFFT1,7,5,0.000378472
deconvolutionNUFFT1,7,6,0.000375796
deconvolutionNUFFT1,7,7,0.000371128
deconvolutionNUFFT1,7,8,0.000371178
deconvolutionNUFFT1,7,9,0.000379043
GatherPIFNUFFT,7,0,0.683039927
GatherPIFNUFFT,7,1,0.683554311
GatherPIFNUFFT,7,2,0.682950314
GatherPIFNUFFT,7,3,0.683852558
GatherPIFNUFFT,7,4,0.684415498
GatherPIFNUFFT,7,5,0.683647813
GatherPIFNUFFT,7,6,0.683772684
GatherPIFNUFFT,7,7,0.68267407
GatherPIFNUFFT,7,8,0.682878885
GatherPIFNUFFT,7,9,0.684060962
NativeNUFFT2,7,0,0.225664371
NativeNUFFT2,7,1,0.223171228
NativeNUFFT2,7,2,0.223852386
NativeNUFFT2,7,3,0.226329456
NativeNUFFT2,7,4,0.223607792
NativeNUFFT2,7,5,0.223407214
NativeNUFFT2,7,6,0.224772716
NativeNUFFT2,7,7,0.224447638
NativeNUFFT2,7,8,0.223540663
NativeNUFFT2,7,9,0.225490804
NativeNUFFT2,7,10,0.223057738
NativeNUFFT2,7,11,0.224932615
NativeNUFFT2,7,12,0.22576762
NativeNUFFT2,7,13,0.223132234
NativeNUFFT2,7,14,0.225176397
NativeNUFFT2,7,15,0.226528431
NativeNUFFT2,7,16,0.223292584
NativeNUFFT2,7,17,0.223485206
NativeNUFFT2,7,18,0.226108389
NativeNUFFT2,7,19,0.223685042
NativeNUFFT2,7,20,0.223680203
NativeNUFFT2,7,21,0.224394855
NativeNUFFT2,7,22,0.223464065
NativeNUFFT2,7,23,0.224346743
NativeNUFFT2,7,24,0.225223798
NativeNUFFT2,7,25,0.223904146
NativeNUFFT2,7,26,0.223545342
NativeNUFFT2,7,27,0.22519357
NativeNUFFT2,7,28,0.224218034
NativeNUFFT2,7,29,0.224367764
PrecorrectionNUFFT2,7,0,0.000642292
PrecorrectionNUFFT2,7,1,0.000617314
PrecorrectionNUFFT2,7,2,0.000617384
PrecorrectionNUFFT2,7,3,0.000634758
PrecorrectionNUFFT2,7,4,0.000612895
PrecorrectionNUFFT2,7,5,0.000612926
PrecorrectionNUFFT2,7,6,0.000635099
PrecorrectionNUFFT2,7,7,0.000610871
PrecorrectionNUFFT2,7,8,0.000607154
PrecorrectionNUFFT2,7,9,0.000645088
PrecorrectionNUFFT2,7,10,0.000620029
PrecorrectionNUFFT2,7,11,0.000619228
PrecorrectionNUFFT2,7,12,0.000638906
PrecorrectionNUFFT2,7,13,0.000611653
PrecorrectionNUFFT2,7,14,0.000614318
PrecorrectionNUFFT2,7,15,0.000649046
PrecorrectionNUFFT2,7,16,0.000617764
PrecorrectionNUFFT2,7,17,0.000614589
PrecorrectionNUFFT2,7,18,0.00064636
PrecorrectionNUFFT2,7,19,0.000623336
PrecorrectionNUFFT2,7,20,0.000622534
PrecorrectionNUFFT2,7,21,0.000641891
PrecorrectionNUFFT2,7,22,0.000618887
PrecorrectionNUFFT2,7,23,0.000612955
PrecorrectionNUFFT2,7,24,0.000637363
PrecorrectionNUFFT2,7,25,0.000616502
PrecorrectionNUFFT2,7,26,0.000610511
PrecorrectionNUFFT2,7,27,0.000648354
PrecorrectionNUFFT2,7,28,0.000616121
PrecorrectionNUFFT2,7,29,0.000618316
FFTNUFFT2,7,0,0.048758741
FFTNUFFT2,7,1,0.047432024
FFTNUFFT2,7,2,0.048079537
FFTNUFFT2,7,3,0.04935343
FFTNUFFT2,7,4,0.047352481
FFTNUFFT2,7,5,0.047516347
FFTNUFFT2,7,6,0.048653317
FFTNUFFT2,7,7,0.047949896
FFTNUFFT2,7,8,0.046987014
FFTNUFFT2,7,9,0.048457829
FFTNUFFT2,7,10,0.047565142
FFTNUFFT2,7,11,0.048330903
FFTNUFFT2,7,12,0.048845448
FFTNUFFT2,7,13,0.047340377
FFTNUFFT2,7,14,0.048532513
FFTNUFFT2,7,15,0.049176228
FFTNUFFT2,7,16,0.046541532
FFTNUFFT2,7,17,0.046706021
FFTNUFFT2,7,18,0.049083569
FFTNUFFT2,7,19,0.04746042
FFTNUFFT2,7,20,0.047947832
FFTNUFFT2,7,21,0.048161926
FFTNUFFT2,7,22,0.047738257
FFTNUFFT2,7,23,0.048181063
FFTNUFFT2,7,24,0.048444342
FFTNUFFT2,7,25,0.047183142
FFTNUFFT2,7,26,0.046639301
FFTNUFFT2,7,27,0.048971512
FFTNUFFT2,7,28,0.048276458
FFTNUFFT2,7,29,0.048279063
GatherNUFFT2,7,0,0.176257637
GatherNUFFT2,7,1,0.175116189
GatherNUFFT2,7,2,0.175149293
GatherNUFFT2,7,3,0.176335037
GatherNUFFT2,7,4,0.175636455
GatherNUFFT2,7,5,0.175272262
GatherNUFFT2,7,6,0.17547845
GatherNUFFT2,7,7,0.175881229
GatherNUFFT2,7,8,0.175940353
GatherNUFFT2,7,9,0.176382057
GatherNUFFT2,7,10,0.174867077
GatherNUFFT2,7,11,0.175976483
GatherNUFFT2,7,12,0.176277486
GatherNUFFT2,7,13,0.175174102
GatherNUFFT2,7,14,0.176023584
GatherNUFFT2,7,15,0.176697067
GatherNUFFT2,7,16,0.176126693
GatherNUFFT2,7,17,0.176158956
GatherNUFFT2,7,18,0.176372499
GatherNUFFT2,7,19,0.175595165
GatherNUFFT2,7,20,0.175103645
GatherNUFFT2,7,21,0.175584615
GatherNUFFT2,7,22,0.17510104
GatherNUFFT2,7,23,0.175546953
GatherNUFFT2,7,24,0.176135491
GatherNUFFT2,7,25,0.176098119
GatherNUFFT2,7,26,0.176289298
GatherNUFFT2,7,27,0.175568144
GatherNUFFT2,7,28,0.175319743
GatherNUFFT2,7,29,0.175464464
